Site_Name,Stream_Name ,Site_Number,Date_Collected,Sample_Type,Â Sample_ID,Running_Number,L_Volume,Vial_Volume,Concentration_Factor ,Nitrate,N_Blank,TotalN,Nutrient_Sample_ID,TotalP,T_Blank,Total_P,13-C3_Caffeine,Acetaminophen,Amoxicillin,Ampicillin,Atenolol_MRT,Caffeine,Buspirone,Bifenthrin,Beta_cyfluthrin,Benzophenone_3,Benzophenone_1,Atrazine,Carbamazepine_A,Carbaryl,Chlortetracycline,Erythromycin,DEET,Cyhalothrin,Clothianidin,Clarithromycin,Citalopram,Chlortetracycline,Chlorpyrifos,Esfenvalerate_UNCONF,Fluoxetine,Glyphosate_ND,Ibuprofen_UNCONF,Imidacloprid,Ketoprofen,Malathion,Erythromycin,Metformin,Metoprolol_MRT,Naproxen,Ofloxacin,Oxytetracycline,Sulfadiazine,Sucralose,Simazine,Permethrin,Sulfadimethoxine,Sulfamethazine,Sulfamethoxazole,Tetracycline,Theobromine,Thiamethoxam_d3,Thiamethoxam,Thiacloprid,Trimethoprim_MRT,4_t_Octylphenol,Venlafaxine
Ag_Progress_Days ,Spruce_Creek,1,6032021,Grab,131-TVFF21,TVFF21-001,938.7,0.632490518,1484.132921,0.72,0.02,1.05,TVFF21-001,0.028,0.01,0.033,NA,2.02138E-07,NA,NA,NA,7.2096E-06,NA,NA,NA,1.34759E-06,1.34759E-07,4.04276E-06,6.73794E-08,6.73794E-08,NA,6.73794E-08,3.36897E-07,NA,1.34759E-07,4.71656E-07,1.28021E-06,NA,3.09945E-06,1.34759E-07,9.43312E-07,NA,2.60085E-05,NA,0,6.73794E-08,6.73794E-08,2.69518E-07,0,NA,2.08876E-06,NA,0,NA,6.73794E-08,6.73794E-08,6.73794E-08,NA,NA,NA,6.73794E-07,NA,NA,6.73794E-08,2.02138E-07,NA,6.73794E-08
Upper_Spruce_Creek_Church ,Spruce_Creek,2,6032021,Grab,132-TVFF21,TVFF21-002,629,0.894184576,703.4341867,NA,NA,NA,NA,NA,NA,NA,NA,4.26479E-07,NA,NA,NA,2.03288E-05,NA,NA,NA,1.27944E-06,0,8.25948E-05,5.68639E-07,8.52958E-07,NA,0,1.84808E-06,NA,4.83343E-06,0,4.26479E-07,NA,1.27944E-06,NA,0,NA,1.6917E-05,0,0,0,0,4.26479E-07,NA,1.56376E-06,2.1324E-06,NA,0,NA,4.26479E-07,NA,0,NA,0,NA,6.96583E-06,NA,NA,NA,7.10799E-07,NA,0
George_W_Harvey,Spruce_Creek,3,6032021,Grab,133-TVFF21,TVFF21-003,987.3,0.887231353,1112.787546,2.47,0.02,3.69,TVFF21-003,0.065,0.01,0.087,NA,8.98644E-08,NA,NA,NA,4.13376E-06,NA,NA,NA,8.98644E-07,0,1.68046E-05,1.79729E-07,8.98644E-08,NA,NA,3.59458E-07,NA,1.07837E-06,NA,NA,NA,7.18915E-07,NA,0,NA,8.07881E-05,0,NA,0,NA,3.59458E-07,NA,NA,NA,NA,NA,NA,2.69593E-07,NA,NA,NA,NA,NA,7.18915E-07,NA,NA,NA,1.79729E-07,NA,NA
Lower_Warriors_Mark_Run ,Warriors_Mark_Run ,4,6032021,Grab,134-TVFF21,TVFF21-004,905.7,0.549557522,1648.05314,NA,NA,NA,NA,NA,NA,NA,NA,1.15288E-06,NA,NA,NA,0.000112557,NA,NA,NA,1.57762E-06,6.06777E-08,2.44531E-05,1.21355E-07,3.03388E-07,NA,0,1.0922E-06,NA,1.75965E-06,NA,NA,NA,0,NA,0,NA,4.6115E-06,0,0,0,0,1.33491E-06,NA,1.39559E-06,0.000145687,NA,NA,NA,2.42711E-07,NA,NA,NA,NA,NA,4.36879E-06,NA,NA,NA,6.06777E-08,NA,NA
Upper_Warriors_Mark_Run ,Warriors_Mark_Run ,5,6032021,Grab,135-TVFF21,TVFF21-005,957.5,0.71011378,1348.375467,NA,NA,NA,NA,NA,NA,NA,NA,NA,NA,NA,NA,3.70817E-06,NA,NA,NA,0,0,NA,3.70817E-07,0,0.000151145,NA,2.2249E-07,NA,6.60054E-06,NA,7.41633E-08,0.000151145,NA,NA,0,NA,NA,2.2249E-07,7.41633E-08,NA,NA,1.4091E-06,NA,4.4498E-07,NA,NA,NA,NA,5.19143E-07,NA,NA,NA,NA,NA,6.6747E-07,NA,NA,NA,3.70817E-07,NA,NA
Keith_Nelson,Warriors_Mark_Run ,6,6032021,Grab,136-TVFF21,TVFF21-006,943.9,1.071302149,881.0772954,NA,NA,NA,NA,NA,NA,NA,NA,NA,NA,NA,NA,4.88039E-06,NA,NA,NA,9.07979E-07,0,7.02549E-05,NA,1.13497E-07,0.000231535,0,2.26995E-07,NA,6.92334E-06,NA,NA,0.000231535,1.13497E-07,NA,0,NA,4.4264E-06,3.40492E-07,NA,NA,0,1.02148E-06,NA,NA,0.000272507,NA,NA,NA,4.5399E-07,NA,NA,NA,NA,NA,3.40492E-07,NA,NA,NA,NA,NA,NA
Halfmoon_Creek_By_Bridge ,Halfmoon_Creek ,7,6032021,Grab,137-TVFF21,TVFF21-007,941.1,0.835018963,1127.040273,NA,NA,NA,NA,NA,NA,NA,NA,8.8728E-08,NA,NA,NA,5.50113E-06,NA,NA,NA,1.15346E-06,0,NA,2.57311E-06,6.21096E-07,0.000180916,NA,2.66184E-07,NA,4.4364E-07,NA,0,0.000180916,NA,NA,0,NA,3.23857E-05,0,0,0,NA,2.66184E-07,NA,1.24219E-06,NA,NA,NA,4.4364E-07,4.4364E-07,NA,0,NA,NA,NA,2.04074E-06,NA,NA,0,3.54912E-07,NA,NA
Loville,Halfmoon_Creek ,8,6032021,Grab,138-TVFF21,TVFF21-009,944.1,0.981921618,961.4820396,NA,NA,NA,NA,NA,NA,NA,NA,1.04006E-07,NA,NA,NA,5.40832E-06,NA,NA,NA,1.04006E-07,NA,NA,0,1.04006E-07,NA,NA,3.12018E-07,NA,1.93451E-05,NA,NA,NA,1.04006E-07,NA,NA,NA,6.52118E-05,NA,1.04006E-07,NA,NA,0,NA,6.24037E-07,NA,NA,NA,NA,7.28043E-07,NA,NA,NA,NA,NA,2.70416E-06,NA,NA,NA,3.12018E-07,NA,NA
Halfmoon_Creek_After_Confluence ,Halfmoon_Creek ,9,6032021,Grab,139-TVFF21,TVFF21-008,914,0.849936789,1075.374089,NA,NA,NA,NA,NA,NA,NA,NA,1.30187E-06,NA,NA,NA,2.35267E-05,NA,NA,NA,1.67384E-06,9.29909E-08,NA,1.85982E-06,3.71964E-07,NA,NA,6.50936E-07,NA,2.51075E-06,NA,9.29909E-08,NA,NA,NA,0,NA,6.82553E-05,NA,0,NA,NA,NA,NA,4.64954E-07,NA,NA,NA,NA,6.50936E-07,NA,NA,NA,NA,NA,2.23178E-06,NA,NA,NA,1.85982E-07,NA,NA
Ag_Progress_Days ,Spruce_Creek,1,6172021,Grab,140-TVFF21,TVFF21-010,1046.2,0.879266751,1189.855068,1.09,0.02,1.61,TVFF21-010,0.109,0.01,0.154,NA,2.52132E-07,NA,NA,NA,3.36175E-06,NA,NA,NA,7.56395E-07,NA,2.35323E-06,NA,1.68088E-07,NA,NA,7.56395E-07,NA,0,NA,NA,NA,NA,NA,NA,NA,6.58904E-05,NA,0,NA,NA,NA,NA,2.52132E-07,NA,NA,0,NA,0,NA,NA,NA,NA,NA,1.68088E-06,NA,NA,NA,NA,NA,NA
Upper_Spruce_Creek_Church ,Spruce_Creek,2,6172021,Grab,141-TVFF21,TVFF21-011,1003.1,0.948419722,1057.654092,2.39,0.02,3.56,TVFF21-011,0.143,0.01,0.205,NA,NA,NA,NA,NA,2.64737E-06,NA,NA,NA,7.56391E-07,0,7.28026E-06,7.56391E-07,1.89098E-07,NA,NA,2.83647E-07,NA,3.78195E-07,NA,NA,NA,NA,NA,NA,NA,4.16961E-05,NA,0,NA,NA,0,NA,NA,NA,NA,NA,NA,1.89098E-07,NA,0,NA,0,NA,7.56391E-07,NA,NA,NA,NA,NA,NA
George_W_Harvey,Spruce_Creek,3,6172021,Grab,142-TVFF21,TVFF21-012,1001.8,0.859924147,1164.986474,2.57,0.02,3.83,TVFF21-012,0.119,0.01,0.168,NA,8.58379E-08,NA,NA,NA,3.09016E-06,NA,NA,NA,7.72541E-07,0,5.57946E-06,4.2919E-07,2.57514E-07,NA,NA,5.15027E-07,NA,5.15027E-07,NA,NA,NA,0,NA,0,NA,6.04299E-05,NA,0,0,NA,1.71676E-07,NA,NA,NA,NA,NA,NA,2.57514E-07,8.58379E-08,0,NA,NA,NA,1.45924E-06,NA,NA,NA,NA,NA,NA
Lower_Warriors_Mark_Run ,Warriors_Mark_Run ,4,6172021,Grab,143-TVFF21,TVFF21-013,1008.7,0.904804046,1114.827022,2.69,0.02,4.01,TVFF21-013,0.089,0.01,0.123,NA,8.97E-08,NA,NA,NA,1.2558E-06,NA,NA,NA,7.176E-07,0,6.5481E-06,1.794E-07,4.485E-07,NA,NA,1.794E-07,NA,5.382E-07,NA,NA,NA,NA,NA,0,NA,8.42283E-05,NA,0,0,NA,1.794E-07,NA,NA,NA,NA,NA,NA,2.691E-07,8.97E-08,1.794E-07,NA,NA,NA,8.97E-08,NA,NA,NA,NA,NA,NA
Upper_Warriors_Mark_Run ,Warriors_Mark_Run ,5,6172021,Grab,144-TVFF21,TVFF21-014,1001.1,0.811630847,1233.442523,2.06,0.02,3.07,TVFF21-014,0.165,0.01,0.237,NA,1.62148E-07,NA,NA,NA,1.21611E-06,NA,NA,NA,4.86443E-07,NA,6.16162E-06,1.62148E-07,4.0537E-07,NA,NA,4.86443E-07,NA,1.13503E-06,NA,NA,NA,NA,NA,0,NA,5.25359E-05,0,0,0,NA,2.43222E-07,NA,5.67517E-07,NA,NA,NA,NA,0,NA,1.62148E-07,NA,0,NA,8.91813E-07,NA,NA,NA,NA,NA,NA
Keith_Nelson,Warriors_Mark_Run ,6,6172021,Grab,145-TVFF21,TVFF21-015,1001.7,0.805562579,1243.478814,2.57,0.02,3.83,TVFF21-015,0.099,0.01,0.139,NA,9.65035E-07,NA,NA,NA,1.36713E-06,NA,NA,NA,5.62937E-07,8.04195E-08,8.28321E-06,0,0,NA,NA,2.41259E-07,NA,2.73426E-06,NA,NA,NA,NA,NA,NA,NA,3.72342E-05,0,0,NA,NA,1.60839E-07,NA,NA,NA,NA,NA,NA,1.60839E-07,NA,4.82517E-07,NA,NA,NA,7.23776E-07,NA,NA,NA,NA,NA,NA
Halfmoon_Creek_By_Bridge ,Halfmoon_Creek ,7,6172021,Grab,146-TVFF21,TVFF21-016,997.8,0.904804046,1102.780215,1.38,0.02,2.05,TVFF21-016,0.137,0.01,0.196,NA,NA,NA,NA,NA,2.81108E-06,NA,NA,NA,8.16119E-07,NA,1.22418E-05,2.35768E-06,9.06799E-08,NA,NA,2.7204E-07,NA,9.06799E-08,NA,NA,NA,NA,NA,NA,NA,9.28562E-05,NA,0,NA,NA,0,NA,NA,0,NA,NA,NA,9.06799E-08,NA,NA,NA,1.8136E-07,NA,2.17632E-06,NA,NA,NA,7.25439E-07,NA,NA
Loville,Halfmoon_Creek ,8,6172021,Grab,147-TVFF21,TVFF21-018,992.5,0.622756005,1593.722087,2.75,0.02,4.1,TVFF21-018,0.089,0.01,0.124,NA,1.25492E-07,NA,NA,NA,5.27068E-06,6.27462E-08,NA,NA,1.31767E-06,0,7.84327E-06,0,1.25492E-07,NA,0,1.88239E-07,NA,8.78447E-07,2.50985E-07,7.52954E-07,NA,3.07456E-06,3.01182E-06,5.64716E-07,NA,NA,NA,0,NA,0,1.25492E-07,1.25492E-07,2.50985E-07,1.38042E-06,NA,0,NA,1.25492E-07,1.38042E-06,0,NA,NA,NA,1.02904E-05,NA,NA,0,6.27462E-08,NA,6.27462E-08
Halfmoon_Creek_After_Confluence ,Halfmoon_Creek ,9,6172021,Grab,148-TVFF21,TVFF21-017,1002.8,0.759418458,1320.484101,1.61,0.02,2.39,TVFF21-017,0.114,0.01,0.161,NA,1.5146E-07,1.5146E-07,NA,NA,2.12043E-06,NA,NA,NA,9.84487E-07,7.57298E-08,1.04507E-05,1.66606E-06,7.57298E-08,NA,NA,3.02919E-07,NA,2.27189E-07,NA,7.57298E-08,NA,1.06022E-06,6.81568E-07,2.27189E-07,NA,3.57445E-05,0,0,0,NA,0,NA,1.43887E-06,0.000181752,NA,NA,NA,7.57298E-08,1.5146E-07,NA,NA,7.57298E-08,NA,1.13595E-06,NA,NA,NA,3.02919E-07,NA,NA
Field Blank 6172021,All ,10,6172021,Grab,149-TVFF21,NA,1000,0.983312263,1016.970944,NA,NA,NA,NA,NA,NA,NA,NA,1.96662E-06,NA,NA,NA,1.78963E-05,NA,NA,NA,2.45828E-06,NA,1.96662E-07,0,0,NA,NA,4.91656E-07,NA,NA,NA,9.83312E-08,NA,5.89987E-07,NA,9.83312E-08,NA,7.48301E-05,NA,0,0,NA,2.94994E-07,NA,1.96662E-07,0.000236093,NA,NA,NA,9.83312E-08,NA,NA,NA,NA,NA,1.86829E-06,NA,NA,0,7.8665E-07,NA,NA
Ag_Progress_Days ,Spruce_Creek,1,6292021,Grab,150-TVFF21,TVFF21-019/020,923.7,0.929582807,993.6715622,1.38,0.02,2.05,TVFF21-020,0.011,0.01,0.006,NA,5.03184E-07,NA,NA,NA,3.22038E-06,NA,NA,NA,1.20764E-06,0,2.01274E-06,NA,4.02547E-07,NA,NA,3.01911E-07,NA,0,NA,NA,NA,4.02547E-07,NA,1.00637E-07,NA,5.96777E-05,0,0,NA,NA,0,NA,NA,0.000241629,NA,NA,NA,3.01911E-07,0,NA,NA,NA,NA,2.41528E-06,NA,NA,NA,NA,NA,NA
Upper_Spruce_Creek_Church ,Spruce_Creek,2,6292021,Grab,151-TVFF21,TVFF21-021/022,1006.8,0.772060683,1304.042574,2.57,0.02,3.83,TVFF21-022,0.015,0.01,0.013,NA,3.29744E-06,NA,NA,NA,4.90782E-06,NA,NA,NA,8.43531E-07,NA,4.29434E-06,6.13477E-07,0,NA,0,3.06738E-07,NA,0,NA,NA,NA,NA,NA,0,NA,5.9814E-05,NA,0,0,0,NA,NA,5.36792E-07,0.00018412,NA,0,NA,7.66846E-08,NA,NA,NA,NA,NA,4.60108E-07,NA,NA,NA,NA,NA,NA
George_W_Harvey,Spruce_Creek,3,6292021,Grab,152-TVFF21,TVFF21-023/024,1003.7,0.808849558,1240.898249,2.59,0.02,3.87,TVFF21-024,0.02,0.01,0.02,NA,NA,NA,NA,NA,4.91579E-06,NA,NA,NA,8.86455E-07,NA,4.02934E-06,3.22347E-07,8.05868E-08,NA,NA,4.02934E-07,NA,1.61174E-07,NA,NA,NA,NA,NA,0,NA,4.85938E-05,NA,8.05868E-08,0,NA,1.12821E-06,NA,4.02934E-07,0,NA,NA,NA,3.22347E-07,NA,NA,NA,NA,NA,1.53115E-06,NA,NA,NA,NA,NA,NA
Lower_Warriors_Mark_Run ,Warriors_Mark_Run ,4,6292021,Grab,153-TVFF21,TVFF21-025/026,1004.9,0.752591656,1335.252646,1.75,0.02,2.6,TVFF21-026,0.017,0.01,0.016,NA,7.48922E-08,NA,NA,NA,1.89477E-05,NA,NA,NA,2.09698E-06,0,2.99569E-06,1.49784E-07,0,NA,0,2.24677E-07,NA,1.49784E-07,NA,NA,NA,0,NA,0,NA,2.74105E-05,NA,0,0,0,6.7403E-07,NA,1.49784E-07,0,NA,NA,NA,2.24677E-07,NA,NA,NA,NA,NA,1.42295E-06,NA,NA,NA,NA,NA,NA
Upper_Warriors_Mark_Run ,Warriors_Mark_Run ,5,6292021,Grab,154-TVFF21,TVFF21-027/028,983.2,0.837420986,1174.080918,2.28,0.02,3.4,TVFF21-028,0.02,0.01,0.02,NA,6.81384E-07,NA,NA,1.41387E-05,4.51417E-06,NA,NA,NA,7.66557E-07,NA,3.83279E-06,1.70346E-07,8.5173E-08,NA,0,3.40692E-07,NA,8.5173E-08,NA,NA,NA,0,NA,0,NA,4.53972E-05,NA,0,0,0,2.55519E-07,NA,NA,0.0002045,NA,NA,NA,2.55519E-07,NA,0,NA,NA,NA,4.00313E-06,0,NA,NA,NA,NA,NA
Keith_Nelson,Warriors_Mark_Run ,6,6302021,Grab,155-TVFF21,TVFF21-029/030,922.4,0.794184576,1161.442853,3.14,0.02,4.68,TVFF21-030,0.03,0.01,0.036,NA,NA,NA,NA,1.8081E-05,1.1193E-05,NA,NA,NA,1.4637E-06,NA,7.57678E-06,0,2.58299E-07,0.000175557,NA,1.722E-07,NA,1.722E-06,NA,NA,0.000175557,NA,NA,0,NA,3.41816E-05,0,8.60998E-08,NA,NA,3.44399E-07,NA,3.44399E-07,0,NA,NA,NA,1.722E-07,NA,0,NA,3.44399E-07,NA,1.8081E-06,NA,1.722E-07,NA,NA,NA,NA
Halfmoon_Creek_By_Bridge ,Halfmoon_Creek ,7,6302021,Grab,156-TVFF21,TVFF21-031/032,1001.4,0.824020228,1215.261429,1.41,0.02,2.09,TVFF21-032,0.091,0.01,0.127,NA,3.29147E-07,NA,NA,NA,8.7224E-06,NA,NA,NA,1.97488E-06,0,8.96926E-06,2.05717E-06,0,NA,NA,2.4686E-07,NA,NA,NA,8.22868E-08,NA,NA,8.22868E-08,0,NA,NA,NA,8.22868E-08,0,NA,6.58295E-07,NA,9.05155E-07,0.000197571,NA,NA,NA,1.64574E-07,NA,NA,NA,NA,NA,1.72802E-06,NA,NA,NA,2.4686E-07,NA,NA
Loville,Halfmoon_Creek ,8,6302021,Grab,157-TVFF21,TVFF21-033/034,1007.6,0.740707965,1360.32019,2.77,0.02,4.14,TVFF21-034,0.04,0.01,0.05,NA,7.35121E-08,NA,NA,NA,3.23453E-06,NA,NA,NA,7.35121E-07,0,7.57175E-06,NA,1.47024E-07,NA,NA,7.35121E-08,NA,8.82145E-07,NA,0,NA,NA,NA,NA,NA,NA,NA,0,NA,NA,NA,NA,2.27888E-06,NA,NA,NA,NA,1.47024E-07,NA,NA,NA,NA,NA,1.17619E-06,NA,NA,NA,NA,NA,NA
Halfmoon_Creek_After_Confluence ,Halfmoon_Creek ,9,6302021,Grab,158-TVFF21,TVFF21-035/036,1000.3,0.945385588,1058.086788,1.71,0.02,2.54,TVFF21-036,0.071,0.01,0.097,NA,NA,NA,NA,NA,1.13412E-05,NA,NA,NA,1.13412E-06,0,1.03961E-05,1.41765E-06,9.45102E-08,NA,NA,2.83531E-07,NA,1.8902E-07,NA,9.45102E-08,NA,NA,NA,NA,NA,7.74984E-05,0,0,0,NA,NA,NA,2.83531E-06,NA,NA,0,NA,9.45102E-08,NA,0,NA,NA,NA,1.79569E-06,NA,NA,NA,9.45102E-08,NA,NA
Field Blank_6292021_6302021,All ,10,6302021,Grab,159-TVFF21,Field Blank_6292021_6302021,1020.2,0.981036662,1039.920361,NA,NA,NA,NA,NA,NA,NA,NA,5.76967E-07,NA,NA,NA,3.23102E-05,NA,NA,NA,3.65413E-06,NA,9.61612E-08,0,NA,NA,0,9.61612E-07,NA,2.88484E-07,NA,NA,NA,0,NA,NA,NA,7.12555E-05,NA,0,NA,0,NA,NA,NA,NA,NA,9.61612E-08,NA,9.61612E-08,NA,NA,NA,NA,NA,3.75029E-06,0,NA,NA,NA,NA,NA
Ag_Progress_Days ,Spruce_Creek,1,7152021,Grab,160-TVFF21,TVFF21-055/056,1009.2,1.165233881,866.092221,1.43,0.02,2.13,TVFF21-055,0.018,0.01,0.017,NA,1.15461E-07,NA,NA,NA,6.2349E-06,NA,NA,NA,1.38553E-06,0,5.77306E-06,NA,3.46383E-07,0.000235425,NA,6.92767E-07,NA,3.46383E-07,NA,1.15461E-07,0.000235425,NA,NA,0,NA,7.38951E-06,0,0,NA,NA,0,NA,NA,NA,NA,NA,NA,2.30922E-07,NA,NA,NA,NA,NA,1.15461E-06,NA,NA,NA,NA,NA,NA
Upper_Spruce_Creek_Church ,Spruce_Creek,2,7152021,Grab,161-TVFF21,TVFF21-057/058,1002,1.014664981,987.5180663,2.42,0.02,3.61,TVFF21-057,0.026,0.01,0.03,NA,2.63286E-06,NA,NA,NA,6.91633E-05,NA,NA,NA,9.11376E-07,0,5.36699E-06,9.11376E-07,3.03792E-07,NA,0,3.03792E-07,NA,1.01264E-07,NA,0,NA,NA,NA,NA,NA,3.24045E-06,0,0,0,0,0,NA,1.15441E-05,NA,NA,1.01264E-07,NA,2.02528E-07,NA,NA,NA,NA,NA,1.72149E-06,NA,NA,NA,NA,NA,NA
George_W_Harvey,Spruce_Creek,3,7152021,Grab,162-TVFF21,TVFF21-059/060,996.8,1.384070796,720.1943736,2.39,0.02,3.56,TVFF21-059,0.027,0.01,0.03,NA,2.77703E-07,NA,NA,NA,1.73564E-05,NA,NA,NA,0,0,6.66487E-06,4.16554E-07,4.16554E-07,NA,NA,4.16554E-07,NA,1.38851E-07,0,NA,NA,2.77703E-07,NA,0,NA,4.45713E-05,NA,0,0,NA,4.16554E-07,NA,NA,NA,NA,NA,NA,2.77703E-07,NA,NA,NA,NA,NA,1.80507E-06,NA,NA,NA,NA,NA,NA
Lower_Warriors_Mark_Run ,Warriors_Mark_Run ,4,7152021,Grab,163-TVFF21,TVFF21-061/062,992.8,0.971554994,1021.867013,2.05,0.02,3.05,TVFF21-061,0.026,0.01,0.029,NA,5.87161E-07,NA,NA,NA,6.16519E-06,NA,NA,NA,2.25078E-06,9.78601E-08,4.69728E-06,1.9572E-07,2.9358E-07,NA,0,2.9358E-07,NA,1.9572E-07,0,9.78601E-08,NA,4.59942E-06,4.50156E-06,1.17432E-06,NA,0.000117236,NA,9.78601E-08,9.78601E-08,0,4.893E-07,NA,2.9358E-07,3.22938E-06,NA,1.9572E-07,NA,9.78601E-08,1.76148E-06,NA,NA,NA,NA,5.87161E-07,NA,NA,0,1.9572E-07,NA,0
Upper_Warriors_Mark_Run ,Warriors_Mark_Run ,5,7152021,Grab,164-TVFF21,TVFF21-063/064,1013,1.179393173,858.9162827,1.73,0.02,2.56,TVFF21-063,0.023,0.01,0.025,NA,NA,NA,NA,NA,5.23916E-06,NA,NA,NA,1.62996E-06,NA,5.35559E-06,2.32852E-07,1.16426E-07,NA,NA,3.49277E-07,NA,0,0,1.16426E-07,NA,1.39711E-06,1.16426E-07,3.49277E-07,NA,4.00505E-05,NA,0,0,NA,2.32852E-07,NA,4.65703E-07,0.000278956,NA,NA,NA,2.32852E-07,1.16426E-07,NA,NA,0,NA,8.1498E-07,NA,NA,NA,5.82129E-07,NA,NA
Keith_Nelson,Warriors_Mark_Run ,6,7152021,Grab,165-TVFF21,TVFF21-065/066,989.7,0.884576485,1118.840504,2.43,0.02,3.62,TVFF21-065,0.112,0.01,0.158,NA,4.46891E-07,NA,NA,NA,2.50259E-06,NA,NA,NA,1.07254E-06,0,7.59715E-06,0,0,NA,NA,1.78756E-07,NA,1.16192E-06,NA,NA,NA,3.57513E-07,NA,8.93782E-08,NA,5.80065E-05,0,0,0,NA,8.93782E-07,NA,1.78756E-06,0.000214597,NA,8.93782E-08,NA,2.68135E-07,NA,0,NA,8.93782E-08,NA,8.93782E-07,NA,NA,NA,NA,NA,NA
Halfmoon_Creek_By_Bridge ,Halfmoon_Creek ,7,7152021,Grab,166-TVFF21,TVFF21-067/068,996.4,1.134513274,878.2620907,1.9,0.02,2.82,TVFF21-067,0.045,0.01,0.058,NA,NA,NA,NA,NA,2.1292E-05,NA,NA,NA,1.13861E-06,0,1.69653E-05,5.00989E-06,2.27722E-07,NA,NA,2.27722E-07,NA,2.27722E-07,NA,1.13861E-07,NA,2.27722E-07,NA,0,NA,7.25296E-05,0,0,0,NA,4.21287E-06,NA,9.1089E-07,0.000273381,NA,NA,NA,2.27722E-07,NA,0,NA,0,NA,2.16336E-06,NA,NA,NA,3.41584E-07,NA,NA
Loville,Halfmoon_Creek ,8,7152021,Grab,167-TVFF21,TVFF21-069/070,988.9,1.015423515,973.8793571,2.7,0.02,4.03,TVFF21-069,0.036,0.01,0.044,NA,2.05364E-07,NA,NA,NA,2.8751E-06,NA,NA,NA,9.24139E-07,NA,6.36629E-06,NA,3.08046E-07,NA,0,3.08046E-07,NA,1.23219E-06,NA,NA,NA,NA,NA,0,NA,7.12614E-05,NA,0,0,0,NA,NA,6.16093E-07,0.00024654,NA,NA,NA,3.08046E-07,NA,NA,NA,NA,NA,4.10728E-06,NA,NA,NA,NA,NA,NA
Halfmoon_Creek_After_Confluence ,Halfmoon_Creek ,9,7152021,Grab,168-TVFF21,TVFF21-071/072,1024.8,1.286346397,796.6749877,1.87,0.02,2.77,TVFF21-071,0.048,0.01,0.062,NA,NA,NA,NA,NA,2.83679E-05,NA,NA,NA,1.1297E-06,1.25522E-07,1.53136E-05,4.26774E-06,2.51043E-07,NA,NA,3.76565E-07,NA,3.76565E-07,NA,NA,NA,2.51043E-07,NA,0,NA,1.84517E-05,0,0,NA,NA,1.25522E-07,NA,5.02087E-07,0,NA,1.25522E-07,NA,2.51043E-07,NA,NA,NA,NA,NA,1.63178E-06,NA,NA,NA,8.78652E-07,NA,NA
Field Blank 7/15/21,All ,10,7152021,Grab,169-TVFF21,,977.3,1.32920354,735.2523301,NA,NA,NA,NA,NA,NA,NA,NA,0,NA,NA,NA,9.65655E-06,NA,NA,NA,2.31213E-06,NA,2.72015E-07,0,NA,NA,0,6.39236E-06,NA,NA,NA,NA,NA,1.36008E-07,NA,NA,NA,0.000106086,NA,0,NA,0,0,NA,NA,0.000326555,NA,NA,NA,2.72015E-07,NA,NA,NA,NA,NA,2.99217E-06,NA,NA,NA,NA,NA,NA
Ag_Progress_Days ,Spruce_Creek,1,7302021,Grab,180-TVFF21,TVFF21-073/074,954.8,1.082427307,882.0915676,1.65,0.02,2.45,TVFF21-073,0.013,0.01,0.01,NA,0,NA,NA,NA,4.08121E-06,1.13367E-07,NA,NA,3.28764E-06,3.40101E-07,2.72081E-06,1.13367E-07,2.26734E-07,NA,NA,4.53468E-07,NA,0,5.66835E-07,1.7005E-06,NA,3.28764E-06,2.94754E-06,1.13367E-06,NA,2.60744E-06,0,0,2.26734E-07,NA,1.13367E-07,NA,5.66835E-07,7.48222E-06,NA,0,NA,1.13367E-07,NA,1.13367E-07,NA,NA,NA,1.81387E-06,NA,NA,0,4.53468E-07,NA,1.13367E-07
Upper_Spruce_Creek_Church ,Spruce_Creek,2,7302021,Grab,181-TVFF21,TVFF21-075/076,957.3,0.836662453,1144.189029,2.63,0.02,3.93,TVFF21-075,0.013,0.01,0.01,NA,5.24389E-07,NA,NA,NA,7.86583E-06,NA,NA,NA,1.57317E-06,NA,3.75812E-06,4.36991E-07,0,NA,NA,3.49593E-07,NA,NA,0,8.73981E-08,NA,4.36991E-07,1.74796E-07,1.74796E-07,NA,7.07925E-06,NA,0,0,NA,8.73981E-08,NA,6.11787E-07,2.09756E-06,NA,0,NA,3.49593E-07,8.73981E-08,0,NA,NA,NA,1.13618E-06,NA,NA,NA,5.24389E-07,NA,0
George_W_Harvey,Spruce_Creek,3,7302021,Grab,182-TVFF21,TVFF21-077/078,989.7,1.266750948,781.2901199,2.55,0.02,3.81,TVFF21-077,0.016,0.01,0.014,NA,2.55987E-07,NA,NA,NA,9.21553E-06,NA,NA,NA,1.79191E-06,1.27993E-07,4.60776E-06,2.55987E-07,1.27993E-07,NA,NA,5.11974E-07,NA,0,0,NA,NA,3.8398E-07,NA,1.27993E-07,NA,5.72131E-05,NA,0,0,NA,3.8398E-07,NA,1.40793E-06,0.000307312,NA,NA,NA,5.11974E-07,NA,NA,NA,NA,NA,6.39967E-07,NA,NA,NA,5.11974E-07,NA,NA
Lower_Warriors_Mark_Run ,Warriors_Mark_Run ,4,7302021,Grab,183-TVFF21,TVFF21-079/080,955.3,0.891782554,1071.225262,1.92,0.02,2.86,TVFF21-079,0.017,0.01,0.015,NA,3.73404E-07,NA,NA,NA,8.5883E-06,NA,NA,NA,1.49362E-06,9.3351E-08,2.98723E-06,9.3351E-08,6.53457E-07,NA,NA,3.73404E-07,NA,0,NA,NA,NA,NA,NA,0,NA,2.87521E-05,NA,0,0,NA,1.02686E-06,NA,NA,0.000223389,NA,NA,NA,2.80053E-07,NA,NA,NA,NA,NA,9.3351E-07,NA,NA,NA,4.66755E-07,NA,NA
Upper_Warriors_Mark_Run ,Warriors_Mark_Run ,5,7302021,Grab,184-TVFF21,TVFF21-081/082,944.2,0.863843236,1093.022392,1.5,0.02,2.23,TVFF21-081,0.015,0.01,0.012,NA,3.65958E-07,NA,NA,NA,4.94043E-06,NA,NA,NA,1.28085E-06,NA,2.74468E-06,9.14894E-08,2.74468E-07,NA,NA,2.74468E-07,NA,0,NA,NA,NA,9.14894E-08,NA,9.14894E-08,NA,4.08043E-05,NA,0,0,NA,3.65958E-07,NA,2.74468E-07,0.000219666,NA,NA,NA,2.74468E-07,NA,NA,NA,NA,NA,8.23405E-07,NA,NA,NA,3.65958E-07,NA,NA
Keith_Nelson,Warriors_Mark_Run ,6,7302021,Grab,185-TVFF21,TVFF21-083/084,946.6,0.963337547,982.6254597,2.26,0.02,3.36,TVFF21-083,0.031,0.01,0.037,NA,3.05305E-07,NA,NA,NA,3.86719E-06,NA,NA,NA,1.01768E-06,0,7.32731E-06,NA,1.01768E-07,NA,NA,4.07073E-07,NA,6.10609E-07,NA,NA,NA,NA,NA,0,NA,3.84684E-05,0,0,0,NA,1.01768E-07,NA,6.10609E-07,0.000244244,NA,NA,NA,4.07073E-07,0,0,NA,NA,NA,1.11945E-06,NA,NA,NA,NA,NA,NA
Halfmoon_Creek_By_Bridge ,Halfmoon_Creek ,7,7302021,Grab,186-TVFF21,TVFF21-085/086,950.9,0.843994943,1126.665518,1.78,0.02,2.65,TVFF21-085,0.053,0.01,0.069,NA,8.87575E-08,NA,NA,NA,1.14497E-05,NA,NA,NA,8.87575E-07,NA,3.5503E-06,2.13018E-06,0,NA,NA,5.32545E-07,NA,1.77515E-07,NA,NA,NA,0,NA,0,NA,NA,0,0,0,NA,4.43787E-07,NA,7.98817E-07,0.000213018,NA,NA,NA,2.66272E-07,NA,NA,NA,3.5503E-07,NA,2.04142E-06,NA,NA,NA,1.2426E-06,NA,0
Loville,Halfmoon_Creek ,8,7302021,Grab,187-TVFF21,TVFF21-087/88,946.9,1.008723135,938.7114929,2.76,0.02,4.11,TVFF21-087,0.038,0.01,0.047,NA,1.06529E-07,NA,NA,2.30103E-05,9.80067E-06,NA,NA,NA,1.17182E-06,1.06529E-07,3.72852E-06,NA,0,NA,NA,3.19587E-07,NA,4.26116E-07,NA,NA,NA,0,2.13058E-07,0,NA,5.53951E-05,NA,0,0,NA,1.06529E-07,NA,4.26116E-07,NA,NA,NA,NA,4.26116E-07,NA,NA,NA,NA,NA,1.38488E-05,0,NA,NA,NA,NA,NA
Halfmoon_Creek_After_Confluence ,Halfmoon_Creek ,9,7302021,Grab,188-TVFF21,TVFF21-089/90,946,0.983817952,961.5600102,1.89,0.02,2.81,TVFF21-089,0.048,0.01,0.063,NA,4.15991E-07,NA,NA,NA,9.35979E-06,NA,NA,NA,1.24797E-06,NA,4.4719E-06,1.76796E-06,0,0.000212363,NA,5.19988E-07,NA,1.03998E-07,NA,NA,0.000212363,NA,NA,NA,NA,NA,NA,0,0,NA,5.19988E-07,NA,3.63992E-06,0.000249698,NA,NA,NA,3.11993E-07,NA,NA,NA,1.03998E-07,NA,2.49594E-06,NA,NA,NA,1.76796E-06,NA,0
Field Blank_7302021,All ,10,7302021,Grab,189-TVFF21,- ,931.1,1.087989886,855.7983966,NA,NA,NA,NA,NA,NA,NA,NA,5.8425E-07,NA,NA,NA,1.33209E-05,NA,NA,NA,4.79085E-06,NA,1.1685E-07,0,NA,NA,NA,1.05165E-06,NA,NA,NA,NA,NA,0,NA,1.1685E-07,NA,3.33022E-05,NA,0,0,NA,NA,NA,NA,0.000280557,NA,NA,NA,1.1685E-07,NA,NA,NA,NA,NA,2.45385E-06,NA,NA,NA,1.05165E-06,NA,NA
Ag_Progress_Days ,Spruce_Creek,1,8122021,Grab,190-TVFF21,TVFF21-0091,987.5,1.000379267,987.1256158,1.6,0.02,2.38,TVFF21-0091,0.014,0.01,0.011,NA,1.62087E-06,NA,NA,NA,9.21868E-06,NA,NA,NA,7.0913E-07,0,2.12739E-06,NA,4.05217E-07,NA,NA,6.07825E-07,NA,0,NA,NA,NA,NA,NA,0,NA,3.728E-05,NA,0,NA,NA,8.10434E-07,NA,1.72217E-06,0.000243231,NA,0,NA,3.03913E-07,NA,NA,NA,1.01304E-07,NA,2.12739E-06,NA,NA,NA,NA,NA,NA
Upper_Spruce_Creek_Church ,Spruce_Creek,2,8122021,Grab,191-TVFF21,TVFF21-0092,980.9,0.961567636,1020.105049,2.67,0.02,3.98,TVFF21-0092,0.013,0.01,0.01,NA,2.94087E-07,NA,NA,NA,8.4305E-06,NA,NA,NA,1.47044E-06,NA,3.62708E-06,2.94087E-07,4.90146E-07,NA,NA,4.90146E-07,NA,0,NA,NA,NA,NA,NA,NA,NA,8.61676E-05,NA,0,0,NA,0,NA,1.17635E-06,NA,NA,NA,NA,3.92116E-07,NA,NA,NA,NA,NA,2.3527E-06,NA,NA,NA,NA,NA,NA
George_W_Harvey,Spruce_Creek,3,8122021,Grab,192-TVFF21,TVFF21-0093,999,0.988242731,1010.88525,2.44,0.02,3.64,TVFF21-0093,0.021,0.01,0.021,NA,2.9677E-07,NA,NA,NA,7.91386E-06,NA,NA,NA,1.08816E-06,0,3.36339E-06,1.97846E-07,0,NA,NA,7.91386E-07,NA,0,NA,NA,NA,NA,NA,NA,NA,6.30141E-05,NA,0,0,NA,3.95693E-07,NA,4.94616E-07,NA,NA,NA,NA,3.95693E-07,NA,NA,NA,NA,NA,2.17631E-06,NA,NA,NA,NA,NA,NA
Lower_Warriors_Mark_Run ,Warriors_Mark_Run ,4,8122021,Grab,193-TVFF21,TVFF21-0094,991.3,0.81517067,1216.064361,1.75,0.02,2.6,TVFF21-0094,0.017,0.01,0.016,NA,8.22325E-08,NA,NA,NA,9.04557E-06,NA,NA,NA,0,0,1.97358E-06,8.22325E-08,0,NA,NA,4.11162E-07,NA,0,NA,NA,NA,0,NA,NA,NA,3.30575E-05,NA,8.22325E-08,0,NA,1.64465E-06,NA,NA,0.00019744,NA,NA,NA,2.46697E-07,NA,NA,NA,NA,NA,1.80911E-06,NA,NA,NA,NA,NA,NA
Upper_Warriors_Mark_Run ,Warriors_Mark_Run ,5,8122021,Grab,194-TVFF21,TVFF21-0095,990.6,1.265613148,782.703626,1.29,0.02,1.91,TVFF21-0095,0.017,0.01,0.016,NA,1.0221E-06,NA,NA,NA,1.827E-05,NA,NA,NA,1.53315E-06,0,2.68301E-06,1.27762E-07,3.83287E-07,NA,NA,3.83287E-07,NA,NA,NA,NA,NA,NA,NA,0,NA,5.30213E-05,NA,0,0,NA,3.19406E-06,NA,NA,NA,NA,NA,NA,3.83287E-07,NA,NA,NA,NA,NA,1.91643E-06,NA,NA,NA,NA,NA,NA
Keith_Nelson,Warriors_Mark_Run ,6,8122021,Grab,195-TVFF21,TVFF21-0096,1000.7,0.960556258,1041.792182,2.5,0.02,3.72,TVFF21-0096,0.032,0.01,0.038,NA,5.75931E-07,NA,NA,NA,5.75931E-06,NA,NA,NA,1.24785E-06,0,4.89541E-06,NA,0,NA,NA,2.87965E-07,NA,2.87965E-07,NA,NA,NA,NA,NA,NA,NA,0.00010242,NA,NA,NA,NA,9.59884E-08,NA,2.01576E-06,NA,NA,0,NA,3.83954E-07,NA,0,NA,NA,NA,1.15186E-06,NA,NA,NA,NA,NA,NA
Halfmoon_Creek_By_Bridge ,Halfmoon_Creek ,7,8122021,Grab,196-TVFF21,TVFF21-0097,995.7,0.928824273,1072.000408,1.08,0.02,1.59,TVFF21-0097,0.044,0.01,0.056,NA,7.46268E-07,NA,NA,NA,2.28545E-05,2.79851E-07,NA,NA,1.6791E-06,NA,2.61194E-06,2.14552E-06,9.32835E-08,NA,NA,3.73134E-07,NA,0,1.86567E-07,5.59701E-07,NA,2.61194E-06,5.59701E-07,4.66418E-07,NA,6.76306E-05,NA,9.32835E-08,1.86567E-07,NA,4.66418E-07,1.86567E-07,6.52985E-07,4.01119E-06,NA,0,NA,3.73134E-07,3.73134E-07,0,NA,1.86567E-07,NA,3.07836E-06,NA,NA,0,2.14552E-06,NA,9.32835E-08
Loville,Halfmoon_Creek ,8,8122021,Grab,197-TVFF21,TVFF21-0098,989.8,0.911757269,1085.595952,2.52,0.02,3.75,TVFF21-0098,0.039,0.01,0.048,NA,2.76346E-07,NA,NA,NA,1.25277E-05,NA,NA,NA,1.28961E-06,NA,3.5925E-06,0,0,NA,NA,2.76346E-07,NA,1.84231E-07,NA,NA,NA,4.60577E-07,NA,9.21153E-08,NA,2.80952E-05,NA,NA,0,NA,1.84231E-07,NA,2.67134E-06,0.0002208,NA,NA,NA,3.68461E-07,9.21153E-08,NA,NA,NA,NA,4.97423E-06,NA,NA,NA,NA,NA,NA
Halfmoon_Creek_After_Confluence ,Halfmoon_Creek ,9,8122021,Grab,198-TVFF21,TVFF21-0099,982.1,0.945385588,1038.835384,1.35,0.02,2.01,TVFF21-0099,0.047,0.01,0.061,NA,1.92523E-07,NA,NA,NA,2.05037E-05,NA,NA,NA,1.05888E-06,NA,2.88785E-06,1.82897E-06,0,NA,NA,6.73831E-07,NA,1.92523E-07,NA,NA,NA,NA,NA,0,NA,0.00010069,NA,0,0,NA,2.88785E-07,NA,2.02149E-06,0.000230835,NA,NA,NA,2.88785E-07,NA,NA,NA,9.62616E-08,NA,3.2729E-06,NA,NA,NA,5.7757E-07,NA,NA
Field Blank_8122021,All ,10,8122021,Grab,199-TVFF21,,987.6,0.983059418,1004.618828,NA,NA,NA,NA,NA,NA,NA,NA,1.9908E-07,NA,NA,NA,3.2251E-05,NA,NA,NA,4.18069E-06,0,NA,0,NA,NA,0,1.69218E-06,NA,0,NA,NA,NA,9.95402E-08,NA,9.95402E-08,NA,3.08575E-06,NA,0,0,0,1.19448E-06,NA,NA,0.000238996,NA,NA,NA,9.95402E-08,9.95402E-08,0,NA,NA,NA,4.18069E-06,NA,NA,NA,2.98621E-07,NA,NA
Ag_Progress_Days ,Spruce_Creek,1,8272021,Grab,200-TVFF21,TVFF21-0100,987.2,1.148798989,859.3322326,1.59,0.02,2.36,TVFF21-0100,0.015,0.01,0.012,NA,8.14586E-07,NA,NA,NA,7.2149E-06,NA,NA,NA,1.74554E-06,0,4.53841E-06,NA,5.81847E-07,NA,0,3.49108E-07,NA,0,NA,NA,NA,NA,NA,1.16369E-07,NA,3.73546E-05,NA,0,0,0,NA,NA,NA,0.00027917,NA,NA,NA,3.49108E-07,NA,NA,NA,0,NA,1.86191E-06,NA,NA,NA,NA,NA,NA
Upper_Spruce_Creek_Church ,Spruce_Creek,2,8272021,Grab,201-TVFF21,TVFF21-0101,992,0.835271808,1187.637354,2.67,0.02,3.98,TVFF21-0101,0.015,0.01,0.013,NA,2.94703E-06,NA,NA,NA,4.79944E-06,NA,NA,NA,1.09461E-06,NA,3.36803E-06,6.73606E-07,0,NA,0,6.73606E-07,NA,0,NA,NA,NA,NA,NA,0,NA,NA,NA,8.42008E-08,0,0,0,NA,1.09461E-06,NA,NA,NA,NA,2.52602E-07,NA,NA,NA,NA,NA,7.57807E-07,NA,NA,NA,NA,NA,NA
George_W_Harvey,Spruce_Creek,3,8272021,Grab,202-TVFF21,TVFF21-0102,988,1.108849558,891.0135671,2.51,0.02,3.75,TVFF21-0102,0.045,0.01,0.057,NA,0,NA,NA,NA,5.61159E-06,NA,NA,NA,1.12232E-06,1.12232E-07,4.15257E-06,3.36695E-07,0,0.000228953,NA,3.36695E-07,NA,1.12232E-07,NA,NA,0.000228953,NA,NA,0,NA,5.43202E-05,0,0,0,NA,3.36695E-07,NA,1.23455E-06,NA,NA,NA,NA,0,0,NA,NA,NA,NA,2.4691E-06,NA,NA,NA,NA,NA,NA
Lower_Warriors_Mark_Run ,Warriors_Mark_Run ,4,8272021,Grab,203-TVFF21,TVFF21-0103,994.2,1.064096081,934.3141261,1.99,0.02,2.96,TVFF21-0103,0.055,0.01,0.073,NA,1.0703E-07,NA,NA,NA,3.96012E-06,NA,NA,NA,1.0703E-06,1.0703E-07,3.42497E-06,2.14061E-07,0,NA,NA,2.14061E-07,NA,3.21091E-07,NA,NA,NA,NA,NA,0,NA,5.92948E-05,NA,0,NA,NA,4.28122E-07,NA,4.28122E-07,NA,NA,NA,NA,2.14061E-07,NA,NA,NA,NA,NA,5.35152E-07,NA,NA,NA,4.28122E-07,NA,NA
Upper_Warriors_Mark_Run ,Warriors_Mark_Run ,5,8272021,Grab,204-TVFF21,TVFF21-0104,992.6,0.832237674,1192.688136,1.53,0.02,2.28,TVFF21-0104,0.039,0.01,0.049,NA,8.38442E-08,NA,NA,NA,3.85683E-06,NA,NA,NA,9.22286E-07,0,2.43148E-06,1.67688E-07,1.67688E-07,NA,NA,2.51533E-07,NA,1.67688E-07,NA,NA,NA,NA,NA,0,NA,5.95294E-05,0,0,NA,NA,2.09611E-06,NA,9.22286E-07,NA,NA,0,NA,1.67688E-07,NA,NA,NA,NA,NA,5.8691E-07,NA,NA,NA,NA,NA,NA
Keith_Nelson,Warriors_Mark_Run ,6,8272021,Grab,205-TVFF21,TVFF21-0105,966.6,0.826801517,1169.083486,3.16,0.02,4.71,TVFF21-0105,0.19,0.01,0.276,NA,4.27685E-07,NA,NA,NA,5.47437E-06,NA,NA,NA,0,0,4.36239E-06,NA,0,NA,NA,2.56611E-07,NA,6.84297E-07,NA,NA,NA,NA,NA,NA,NA,2.72863E-05,NA,0,NA,NA,4.27685E-07,8.55371E-08,3.42148E-07,0,NA,NA,NA,1.71074E-07,NA,0,NA,NA,NA,1.02645E-06,NA,NA,NA,NA,NA,NA
Halfmoon_Creek_By_Bridge ,Halfmoon_Creek ,7,8272021,Grab,206-TVFF21,TVFF21-0106,957.9,0.803539823,1192.10022,1.64,0.02,2.44,TVFF21-106,0.048,0.01,0.062,NA,5.87199E-07,1.67771E-07,NA,NA,2.34041E-05,NA,NA,NA,8.38856E-07,NA,2.68434E-06,4.52982E-06,0,NA,NA,4.19428E-07,NA,0,NA,NA,NA,NA,NA,0,NA,2.4159E-05,NA,NA,0,NA,8.38856E-08,NA,1.09051E-06,NA,NA,NA,NA,2.51657E-07,NA,NA,NA,NA,NA,1.25828E-06,NA,NA,NA,NA,NA,NA
Loville,Halfmoon_Creek ,8,8272021,Grab,207-TVFF21,TVFF21-0107,982.5,0.913653603,1075.352844,2.84,0.02,4.23,TVFF21-107,0.077,0.01,0.106,NA,7.43942E-07,NA,NA,NA,4.46365E-06,NA,NA,NA,1.20891E-06,0,3.90569E-06,0,0,NA,NA,2.78978E-07,NA,2.78978E-07,NA,NA,NA,NA,NA,NA,NA,NA,NA,1.85985E-07,NA,NA,0,NA,9.29927E-07,NA,NA,NA,NA,2.78978E-07,NA,NA,NA,NA,NA,9.29927E-07,NA,NA,NA,NA,NA,NA
Halfmoon_Creek_After_Confluence ,Halfmoon_Creek ,9,8272021,Grab,208-TVFF21,TVFF21-0108,959.3,0.92136536,1041.172201,1.9,0.02,2.83,TVFF21-108,0.049,0.01,0.063,NA,6.72319E-07,NA,NA,NA,1.63278E-05,NA,NA,NA,1.24859E-06,NA,3.07346E-06,3.26555E-06,0,NA,NA,3.84182E-07,NA,0,NA,NA,NA,0,NA,0,NA,6.33901E-05,0,9.60456E-08,0,NA,2.88137E-07,NA,1.44068E-06,NA,NA,NA,NA,2.88137E-07,NA,NA,NA,NA,NA,1.0565E-06,NA,NA,NA,1.24859E-06,NA,NA
Field Blank_8272021,All ,10,8272021,Grab,209-TVFF21,Field Blank_8272021,961.4,0.901390645,1066.574193,NA,NA,NA,NA,NA,NA,NA,NA,2.81274E-07,NA,NA,NA,4.01285E-05,NA,NA,NA,4.31287E-06,0,9.37581E-08,0,0,NA,0,1.21886E-06,NA,0,NA,NA,NA,NA,NA,0,NA,9.00078E-06,NA,0,NA,0,NA,NA,NA,NA,NA,NA,NA,9.37581E-08,NA,NA,NA,NA,NA,2.15644E-06,NA,NA,NA,NA,NA,NA
Ag_Progress_Days ,Spruce_Creek,1,9092021,Grab,210-TVFF21,TVFF21-0109,976.4,0.97863464,997.7165738,1.41,0.02,2.09,TVFF21-109,0.017,0.01,0.015,NA,4.00915E-07,NA,NA,NA,3.90893E-06,NA,NA,NA,1.10252E-06,NA,2.20504E-06,NA,4.00915E-07,NA,NA,4.00915E-07,NA,0,NA,NA,NA,NA,NA,0,NA,2.13487E-05,NA,0,NA,NA,NA,NA,5.01144E-07,NA,NA,NA,NA,3.00687E-07,NA,NA,NA,NA,NA,1.10252E-06,NA,NA,NA,NA,NA,NA
Upper_Spruce_Creek_Church ,Spruce_Creek,2,9092021,Grab,211-TVFF21,TVFF21-0110,962.2,0.934134008,1030.044931,2.58,0.02,3.85,TVFF21-110,0.036,0.01,0.044,NA,2.91249E-07,NA,NA,NA,5.14541E-06,NA,NA,NA,8.73748E-07,0,2.81541E-06,7.76665E-07,2.91249E-07,NA,NA,3.88333E-07,NA,3.88333E-07,NA,NA,NA,0,NA,0,NA,4.38816E-05,0,0,NA,NA,NA,NA,NA,NA,NA,NA,NA,1.94166E-07,NA,NA,NA,NA,NA,2.42708E-06,NA,NA,NA,NA,NA,NA
George_W_Harvey,Spruce_Creek,3,9092021,Grab,212-TVFF21,TVFF21-0111,950.5,1.064728192,892.7161008,2.75,0.02,4.11,TVFF21-111,0.041,0.01,0.052,NA,2.24035E-07,NA,NA,NA,3.69658E-06,1.12018E-07,NA,NA,2.91246E-06,NA,3.92062E-06,5.60088E-07,1.12018E-07,0.000227956,0,3.36053E-07,NA,3.36053E-07,4.48071E-07,6.72106E-07,0.000227956,3.36053E-06,7.84124E-07,6.72106E-07,NA,5.54488E-05,0,2.24035E-07,2.24035E-07,0,2.24035E-07,NA,4.48071E-07,3.47255E-06,NA,0,NA,0,1.12018E-07,0,NA,0,NA,2.24035E-06,0,NA,0,3.36053E-07,NA,1.12018E-07
Lower_Warriors_Mark_Run ,Warriors_Mark_Run ,4,9092021,Grab,213-TVFF21,TVFF21-0112,954.4,0.93147914,1024.606949,2.58,0.02,3.85,TVFF21-112,0.028,0.01,0.033,NA,3.90394E-07,NA,NA,NA,2.43996E-06,NA,NA,NA,1.36638E-06,0,3.51354E-06,2.92795E-07,3.90394E-07,0.000199198,NA,2.92795E-07,NA,5.8559E-07,0,NA,0.000199198,6.83189E-07,NA,9.75984E-08,NA,3.58186E-05,NA,NA,0,NA,1.95197E-07,NA,2.14716E-06,0.000234334,NA,NA,NA,2.92795E-07,0,NA,NA,NA,NA,2.92795E-07,NA,NA,NA,8.78386E-07,NA,NA
Upper_Warriors_Mark_Run ,Warriors_Mark_Run ,5,9092021,Grab,214-TVFF21,TVFF21-0113,963.2,1.182553729,814.5084459,1.96,0.02,2.92,TVFF21-113,0.026,0.01,0.029,NA,2.45547E-07,NA,NA,NA,2.08715E-06,NA,NA,NA,1.71883E-06,0,3.56043E-06,3.6832E-07,4.91094E-07,NA,NA,2.45547E-07,NA,7.36641E-07,NA,NA,NA,3.6832E-07,NA,1.22773E-07,NA,5.3652E-05,0,0,0,NA,2.45547E-07,NA,8.59414E-07,0.000294779,NA,NA,NA,2.45547E-07,0,NA,NA,NA,NA,6.13867E-07,NA,NA,NA,NA,NA,NA
Keith_Nelson,Warriors_Mark_Run ,6,9092021,Grab,215-TVFF21,TVFF21-0114,954.4,0.859797724,1110.028526,2.51,0.02,3.75,TVFF21-114,0.053,0.01,0.07,NA,9.00878E-08,NA,NA,NA,2.52246E-06,NA,NA,NA,9.00878E-07,NA,3.42334E-06,NA,2.70263E-07,0.000183779,NA,1.80176E-07,NA,3.60351E-07,NA,NA,0.000183779,NA,NA,NA,NA,8.47726E-05,0,0,NA,NA,9.00878E-08,9.00878E-08,5.40527E-07,0.000216301,NA,NA,NA,1.80176E-07,NA,NA,0,NA,NA,6.30614E-07,NA,NA,NA,NA,NA,NA
Halfmoon_Creek_By_Bridge ,Halfmoon_Creek ,7,9092021,Grab,216-TVFF21,TVFF21-0115,982.8,0.909481669,1080.615513,1.55,0.02,2.29,TVFF21-115,0.051,0.01,0.067,NA,0,NA,NA,NA,3.97921E-06,NA,NA,NA,8.32859E-07,9.25399E-08,2.68366E-06,4.53445E-06,2.7762E-07,NA,NA,2.7762E-07,NA,0,NA,NA,NA,NA,NA,NA,NA,4.48818E-05,NA,NA,0,NA,NA,NA,7.40319E-07,NA,NA,NA,NA,2.7762E-07,0,NA,NA,9.25399E-08,NA,1.48064E-06,NA,NA,NA,1.11048E-06,NA,NA
Loville,Halfmoon_Creek ,8,9092021,Grab,217-TVFF21,TVFF21-0116,953.4,0.978761062,974.0886075,2.48,0.02,3.7,TVFF21-116,0.035,0.01,0.043,NA,NA,NA,NA,NA,2.77182E-06,NA,NA,NA,1.0266E-06,1.0266E-07,4.1064E-06,0,4.1064E-07,NA,NA,3.0798E-07,NA,1.5399E-06,NA,NA,NA,0,NA,0,NA,9.34207E-06,NA,0,0,NA,NA,NA,1.74522E-06,NA,NA,NA,NA,3.0798E-07,NA,NA,NA,NA,NA,6.1596E-07,NA,NA,NA,2.0532E-07,NA,NA
Halfmoon_Creek_After_Confluence ,Halfmoon_Creek ,9,9092021,Grab,218-TVFF21,TVFF21-0117,999.7,0.991276865,1008.497258,1.75,0.02,2.6,TVFF21-117,0.045,0.01,0.058,NA,2.97472E-07,NA,NA,NA,4.75956E-06,NA,NA,NA,7.93259E-07,0,3.07388E-06,3.56967E-06,9.91574E-08,NA,NA,2.97472E-07,NA,3.9663E-07,NA,NA,NA,0,NA,0,NA,4.85871E-05,NA,NA,NA,NA,0,NA,3.9663E-07,NA,NA,NA,NA,1.98315E-07,NA,0,NA,9.91574E-08,NA,1.3882E-06,NA,NA,NA,1.98315E-07,NA,NA
Field Blank_9092021,All ,10,9092021,Grab,219-TVFF21,Field Blank_9092021,928.6,0.857269279,1083.206902,NA,NA,NA,NA,NA,NA,NA,NA,NA,NA,NA,NA,1.02473E-05,NA,NA,NA,3.23115E-06,0,1.84637E-07,NA,NA,NA,NA,1.0155E-06,NA,NA,0,NA,NA,9.23185E-08,NA,0,NA,2.76032E-05,0,0,NA,NA,NA,NA,NA,NA,NA,0,NA,9.23185E-08,NA,NA,NA,NA,NA,2.03101E-06,NA,NA,NA,1.84637E-07,NA,NA
Ag_Progress_Days ,Spruce_Creek,1,9302021,Grab,220-TVFF21,TVFF21-0118,990.4,1.252844501,790.5210896,1.18,0.02,1.75,TVFF21-118,0.018,0.01,0.017,NA,2.52998E-07,NA,NA,NA,4.68046E-06,2.52998E-07,NA,NA,2.90947E-06,1.26499E-07,1.89748E-06,0,1.26499E-07,NA,NA,3.79497E-07,NA,1.26499E-07,5.05995E-07,1.51799E-06,NA,2.52998E-07,5.05995E-07,1.13849E-06,NA,4.08591E-05,0,1.26499E-07,2.52998E-07,NA,1.26499E-07,NA,NA,4.17446E-06,NA,0,NA,1.26499E-07,6.32494E-07,0,NA,0,NA,1.39149E-06,NA,NA,0,2.40348E-06,NA,1.26499E-07
Upper_Spruce_Creek_Church ,Spruce_Creek,2,9302021,Grab,221-TVFF21,TVFF21-0119,987.4,1.13653603,868.7802005,2.32,0.02,3.45,TVFF21-119,0.022,0.01,0.023,NA,4.60416E-07,NA,NA,NA,2.53229E-06,NA,NA,NA,1.95677E-06,0,2.64739E-06,8.05727E-07,1.15104E-07,NA,NA,3.45312E-07,NA,0,NA,1.15104E-07,NA,1.15104E-06,2.30208E-07,2.30208E-07,NA,NA,NA,0,0,NA,NA,NA,5.7552E-07,0.000276364,NA,NA,NA,3.45312E-07,NA,0,NA,0,NA,2.07187E-06,NA,NA,NA,3.45312E-07,NA,NA
George_W_Harvey,Spruce_Creek,3,9302021,Grab,222-TVFF21,TVFF21-0120,972.7,1.016561315,956.8532519,2.76,0.02,4.12,TVFF21-120,0.025,0.01,0.028,NA,1.0869E-05,NA,NA,NA,4.4939E-06,NA,NA,NA,1.1496E-06,NA,2.71724E-06,5.22546E-07,1.04509E-07,NA,NA,6.27055E-07,NA,2.09018E-07,NA,NA,NA,2.09018E-07,NA,0,NA,NA,0,0,0,NA,0,NA,4.18037E-07,0,NA,NA,NA,3.13528E-07,NA,NA,NA,NA,NA,7.31565E-07,NA,NA,NA,NA,NA,NA
Lower_Warriors_Mark_Run ,Warriors_Mark_Run ,4,9302021,Grab,223-TVFF21,TVFF21-0121,984.6,2.24159292,439.241216,2.87,0.02,4.29,TVFF21-121,0.024,0.01,0.026,NA,1.13833E-06,NA,NA,NA,4.32564E-06,NA,NA,NA,3.18731E-06,0,6.82996E-06,9.10661E-07,9.10661E-07,NA,NA,1.36599E-06,NA,NA,NA,NA,NA,NA,NA,0,NA,NA,0,0,0,NA,6.82996E-07,NA,3.18731E-06,0.000546624,NA,NA,NA,6.82996E-07,NA,NA,NA,NA,NA,1.82132E-06,NA,NA,NA,NA,NA,NA
Upper_Warriors_Mark_Run ,Warriors_Mark_Run ,5,9302021,Grab,224-TVFF21,TVFF21-0122,993.3,0.845891277,1174.264385,2.32,0.02,3.45,TVFF21-122,0.023,0.01,0.025,NA,2.55479E-07,NA,NA,NA,1.53287E-06,NA,NA,NA,1.02192E-06,0,2.55479E-06,4.25798E-07,8.51597E-08,NA,NA,4.25798E-07,NA,1.70319E-07,NA,NA,NA,8.51597E-08,NA,0,NA,NA,NA,0,NA,NA,NA,NA,1.19224E-06,NA,NA,0,NA,1.70319E-07,NA,NA,NA,NA,NA,3.40639E-07,NA,NA,NA,NA,NA,NA
Keith_Nelson,Warriors_Mark_Run ,6,9302021,Grab,225-TVFF21,TVFF21-0123,966.2,0.898103666,1075.822354,2.34,0.02,3.48,TVFF21-123,0.032,0.01,0.038,NA,3.27192E-05,NA,NA,NA,1.30133E-06,NA,NA,NA,1.30133E-06,0,3.43923E-06,NA,2.78856E-07,NA,NA,3.71809E-07,NA,1.20838E-06,NA,NA,NA,NA,NA,0,NA,3.96906E-05,NA,NA,NA,NA,0,NA,3.71809E-07,NA,NA,0,NA,2.78856E-07,NA,NA,NA,NA,NA,3.71809E-07,NA,NA,NA,NA,NA,NA
Halfmoon_Creek_By_Bridge ,Halfmoon_Creek ,7,9302021,Grab,226-TVFF21,TVFF21-0124,984.7,1.064728192,924.8369747,1.48,0.02,2.19,TVFF21-124,0.035,0.01,0.043,NA,0,NA,NA,NA,2.91943E-06,NA,NA,NA,1.08127E-06,NA,1.83816E-06,2.81131E-06,0,NA,NA,3.24381E-07,NA,0,NA,NA,NA,NA,NA,0,NA,7.02827E-06,NA,0,0,NA,0,NA,4.32509E-07,NA,NA,NA,NA,2.16254E-07,NA,NA,NA,0,NA,8.65017E-07,NA,NA,NA,1.08127E-07,NA,NA
Loville,Halfmoon_Creek ,8,9302021,Grab,227-TVFF21,TVFF21-0125,997.2,1.027054362,970.9320528,2.72,0.02,4.06,TVFF21-125,0.059,0.01,0.078,NA,2.05988E-07,NA,NA,NA,2.26586E-06,NA,NA,NA,1.02994E-06,1.02994E-07,3.70778E-06,NA,3.08981E-07,NA,NA,3.08981E-07,NA,4.11975E-07,NA,NA,NA,NA,NA,0,NA,9.20765E-05,NA,0,NA,NA,NA,NA,6.17963E-07,NA,NA,NA,NA,3.08981E-07,NA,NA,NA,NA,NA,7.20957E-07,NA,NA,NA,NA,NA,NA
Halfmoon_Creek_After_Confluence ,Halfmoon_Creek ,9,9302021,Grab,228-TVFF21,TVFF21-0126,988,0.403286979,2449.868336,1.84,0.02,2.74,TVFF21-126,0.036,0.01,0.044,NA,1.5511E-06,NA,NA,NA,1.46947E-06,NA,NA,NA,4.49004E-07,NA,9.79644E-07,8.98007E-07,8.1637E-08,NA,NA,1.22456E-07,NA,1.22456E-07,NA,NA,NA,NA,NA,NA,NA,NA,NA,0,0,NA,NA,NA,8.1637E-08,NA,NA,NA,1.22456E-07,0,NA,NA,NA,0,NA,2.8573E-07,NA,NA,NA,NA,NA,NA
Feild_Blank,All ,10,9302021,Grab,229-TVFF21,,944,1.267635904,744.693328,NA,NA,NA,NA,NA,NA,NA,NA,1.34283E-07,NA,NA,NA,1.18169E-05,NA,NA,NA,3.49137E-06,0,0,NA,0,NA,NA,1.20855E-06,NA,2.37682E-05,NA,NA,NA,0,NA,0,NA,3.06166E-05,NA,0,NA,NA,NA,NA,NA,0,NA,NA,NA,1.34283E-07,NA,NA,NA,NA,NA,2.55139E-06,NA,NA,NA,NA,NA,NA
