Site_Name,Stream_Name ,Site_Number,Date_Collected,Sample_Type, Kyle_Sample_ID,Running_Number,L_Volume,Vial_Volume,Concentration_Factor ,13-C3_Caffeine,Acetaminophen,Amoxicillin,Ampicillin,Atenolol_MRT,Caffeine,Buspirone,Bifenthrin,Beta_cyfluthrin,Benzophenone_3,Benzophenone_1,Atrazine,Carbamazepine_A,Carbaryl,Chlortetracycline,Erythromycin,DEET,Cyhalothrin,Clothianidin,Clarithromycin,Citalopram,Chlortetracycline,Chlorpyrifos,Esfenvalerate_UNCONF,Fluoxetine,Glyphosate_ND,Ibuprofen_UNCONF,Imidacloprid,Ketoprofen,Malathion,Erythromycin,Metformin,Metoprolol_MRT,Naproxen,Ofloxacin,Oxytetracycline,Sulfadiazine,Sucralose,Simazine,Permethrin,Sulfadimethoxine,Sulfamethazine,Sulfamethoxazole,Tetracycline,Theobromine,Thiamethoxam_d3,Thiamethoxam,Thiacloprid,Trimethoprim_MRT,4_t_Octylphenol,Venlafaxine,Nitrate,N_Blank,TotalN,Nutrient_Sample_ID,TotalP,T_Blank,Total_P,,,,,,,,,,,,,,,,,,,,,,,,,,,,,,,,,,,,,,,,,,,,,,,,,,,,,,,,,,,,,,,,,,,,,,,,,,,,,,,,,,,,,,,,,,,
Ag_Progress_Days ,Spruce_Creek,1,6032021,Grab,131-TVFF21,TVFF21-001,938.7,0.632490518,1484.132921,NA,0.0003,NA,NA,NA,0.0107,NA,NA,NA,0.002,0.0002,0.006,0.0001,0.0001,NA,0.0001,0.0005,NA,0.0002,0.0007,0.0019,NA,0.0046,0.0002,0.0014,NA,0.0386,NA,0,0.0001,0.0001,0.0004,0,NA,0.0031,NA,0,NA,0.0001,0.0001,0.0001,NA,NA,NA,0.001,NA,NA,0.0001,0.0003,NA,0.0001,0.72,0.02,1.05,TVFF21-001,0.028,0.01,0.033,,,,,,,,,,,,,,,,,,,,,,,,,,,,,,,,,,,,,,,,,,,,,,,,,,,,,,,,,,,,,,,,,,,,,,,,,,,,,,,,,,,,,,,,,,,
Upper_Spruce_Creek_Church ,Spruce_Creek,2,6032021,Grab,132-TVFF21,TVFF21-002,629,0.894184576,703.4341867,NA,0.0003,NA,NA,NA,0.0143,NA,NA,NA,0.0009,0,0.0581,0.0004,0.0006,NA,0,0.0013,NA,0.0034,0,0.0003,NA,0.0009,NA,0,NA,0.0119,0,0,0,0,0.0003,NA,0.0011,0.0015,NA,0,NA,0.0003,NA,0,NA,0,NA,0.0049,NA,NA,NA,0.0005,NA,0,NA,NA,NA,NA,NA,NA,NA,,,,,,,,,,,,,,,,,,,,,,,,,,,,,,,,,,,,,,,,,,,,,,,,,,,,,,,,,,,,,,,,,,,,,,,,,,,,,,,,,,,,,,,,,,,
George_W_Harvey,Spruce_Creek,3,6032021,Grab,133-TVFF21,TVFF21-003,987.3,0.887231353,1112.787546,NA,0.0001,NA,NA,NA,0.0046,NA,NA,NA,0.001,0,0.0187,0.0002,0.0001,NA,NA,0.0004,NA,0.0012,NA,NA,NA,0.0008,NA,0,NA,0.0899,0,NA,0,NA,0.0004,NA,NA,NA,NA,NA,NA,0.0003,NA,NA,NA,NA,NA,0.0008,NA,NA,NA,0.0002,NA,NA,2.47,0.02,3.69,TVFF21-003,0.065,0.01,0.087,,,,,,,,,,,,,,,,,,,,,,,,,,,,,,,,,,,,,,,,,,,,,,,,,,,,,,,,,,,,,,,,,,,,,,,,,,,,,,,,,,,,,,,,,,,
Lower_Warriors_Mark_Run ,Warriors_Mark_Run ,4,6032021,Grab,134-TVFF21,TVFF21-004,905.7,0.549557522,1648.05314,NA,0.0019,NA,NA,NA,0.1855,NA,NA,NA,0.0026,0.0001,0.0403,0.0002,0.0005,NA,0,0.0018,NA,0.0029,NA,NA,NA,0,NA,0,NA,0.0076,0,0,0,0,0.0022,NA,0.0023,0.2401,NA,NA,NA,0.0004,NA,NA,NA,NA,NA,0.0072,NA,NA,NA,0.0001,NA,NA,NA,NA,NA,NA,NA,NA,NA,,,,,,,,,,,,,,,,,,,,,,,,,,,,,,,,,,,,,,,,,,,,,,,,,,,,,,,,,,,,,,,,,,,,,,,,,,,,,,,,,,,,,,,,,,,
Upper_Warriors_Mark_Run ,Warriors_Mark_Run ,5,6032021,Grab,135-TVFF21,TVFF21-005,957.5,0.71011378,1348.375467,NA,NA,NA,NA,NA,0.005,NA,NA,NA,0,0,NA,0.0005,0,0.2038,NA,0.0003,NA,0.0089,NA,0.0001,0.2038,NA,NA,0,NA,NA,0.0003,0.0001,NA,NA,0.0019,NA,0.0006,NA,NA,NA,NA,0.0007,NA,NA,NA,NA,NA,0.0009,NA,NA,NA,0.0005,NA,NA,NA,NA,NA,NA,NA,NA,NA,,,,,,,,,,,,,,,,,,,,,,,,,,,,,,,,,,,,,,,,,,,,,,,,,,,,,,,,,,,,,,,,,,,,,,,,,,,,,,,,,,,,,,,,,,,
Keith_Nelson,Warriors_Mark_Run ,6,6032021,Grab,136-TVFF21,TVFF21-006,943.9,1.071302149,881.0772954,NA,NA,NA,NA,NA,0.0043,NA,NA,NA,0.0008,0,0.0619,NA,0.0001,0.204,0,0.0002,NA,0.0061,NA,NA,0.204,0.0001,NA,0,NA,0.0039,0.0003,NA,NA,0,0.0009,NA,NA,0.2401,NA,NA,NA,0.0004,NA,NA,NA,NA,NA,0.0003,NA,NA,NA,NA,NA,NA,NA,NA,NA,NA,NA,NA,NA,,,,,,,,,,,,,,,,,,,,,,,,,,,,,,,,,,,,,,,,,,,,,,,,,,,,,,,,,,,,,,,,,,,,,,,,,,,,,,,,,,,,,,,,,,,
Halfmoon_Creek_By_Bridge ,Halfmoon_Creek ,7,6032021,Grab,137-TVFF21,TVFF21-007,941.1,0.835018963,1127.040273,NA,0.0001,NA,NA,NA,0.0062,NA,NA,NA,0.0013,0,NA,0.0029,0.0007,0.2039,NA,0.0003,NA,0.0005,NA,0,0.2039,NA,NA,0,NA,0.0365,0,0,0,NA,0.0003,NA,0.0014,NA,NA,NA,0.0005,0.0005,NA,0,NA,NA,NA,0.0023,NA,NA,0,0.0004,NA,NA,NA,NA,NA,NA,NA,NA,NA,,,,,,,,,,,,,,,,,,,,,,,,,,,,,,,,,,,,,,,,,,,,,,,,,,,,,,,,,,,,,,,,,,,,,,,,,,,,,,,,,,,,,,,,,,,
Loville,Halfmoon_Creek ,8,6032021,Grab,138-TVFF21,TVFF21-009,944.1,0.981921618,961.4820396,NA,0.0001,NA,NA,NA,0.0052,NA,NA,NA,0.0001,NA,NA,0,0.0001,NA,NA,0.0003,NA,0.0186,NA,NA,NA,0.0001,NA,NA,NA,0.0627,NA,0.0001,NA,NA,0,NA,0.0006,NA,NA,NA,NA,0.0007,NA,NA,NA,NA,NA,0.0026,NA,NA,NA,0.0003,NA,NA,NA,NA,NA,NA,NA,NA,NA,,,,,,,,,,,,,,,,,,,,,,,,,,,,,,,,,,,,,,,,,,,,,,,,,,,,,,,,,,,,,,,,,,,,,,,,,,,,,,,,,,,,,,,,,,,
Halfmoon_Creek_After_Confluence ,Halfmoon_Creek ,9,6032021,Grab,139-TVFF21,TVFF21-008,914,0.849936789,1075.374089,NA,0.0014,NA,NA,NA,0.0253,NA,NA,NA,0.0018,0.0001,NA,0.002,0.0004,NA,NA,0.0007,NA,0.0027,NA,0.0001,NA,NA,NA,0,NA,0.0734,NA,0,NA,NA,NA,NA,0.0005,NA,NA,NA,NA,0.0007,NA,NA,NA,NA,NA,0.0024,NA,NA,NA,0.0002,NA,NA,NA,NA,NA,NA,NA,NA,NA,,,,,,,,,,,,,,,,,,,,,,,,,,,,,,,,,,,,,,,,,,,,,,,,,,,,,,,,,,,,,,,,,,,,,,,,,,,,,,,,,,,,,,,,,,,
Ag_Progress_Days ,Spruce_Creek,1,6172021,Grab,140-TVFF21,TVFF21-010,1046.2,0.879266751,1189.855068,NA,0.0003,NA,NA,NA,0.004,NA,NA,NA,0.0009,NA,0.0028,NA,0.0002,NA,NA,0.0009,NA,0,NA,NA,NA,NA,NA,NA,NA,0.0784,NA,0,NA,NA,NA,NA,0.0003,NA,NA,0,NA,0,NA,NA,NA,NA,NA,0.002,NA,NA,NA,NA,NA,NA,1.09,0.02,1.61,TVFF21-010,0.109,0.01,0.154,,,,,,,,,,,,,,,,,,,,,,,,,,,,,,,,,,,,,,,,,,,,,,,,,,,,,,,,,,,,,,,,,,,,,,,,,,,,,,,,,,,,,,,,,,,
Upper_Spruce_Creek_Church ,Spruce_Creek,2,6172021,Grab,141-TVFF21,TVFF21-011,1003.1,0.948419722,1057.654092,NA,NA,NA,NA,NA,0.0028,NA,NA,NA,0.0008,0,0.0077,0.0008,0.0002,NA,NA,0.0003,NA,0.0004,NA,NA,NA,NA,NA,NA,NA,0.0441,NA,0,NA,NA,0,NA,NA,NA,NA,NA,NA,0.0002,NA,0,NA,0,NA,0.0008,NA,NA,NA,NA,NA,NA,2.39,0.02,3.56,TVFF21-011,0.143,0.01,0.205,,,,,,,,,,,,,,,,,,,,,,,,,,,,,,,,,,,,,,,,,,,,,,,,,,,,,,,,,,,,,,,,,,,,,,,,,,,,,,,,,,,,,,,,,,,
George_W_Harvey,Spruce_Creek,3,6172021,Grab,142-TVFF21,TVFF21-012,1001.8,0.859924147,1164.986474,NA,0.0001,NA,NA,NA,0.0036,NA,NA,NA,0.0009,0,0.0065,0.0005,0.0003,NA,NA,0.0006,NA,0.0006,NA,NA,NA,0,NA,0,NA,0.0704,NA,0,0,NA,0.0002,NA,NA,NA,NA,NA,NA,0.0003,0.0001,0,NA,NA,NA,0.0017,NA,NA,NA,NA,NA,NA,2.57,0.02,3.83,TVFF21-012,0.119,0.01,0.168,,,,,,,,,,,,,,,,,,,,,,,,,,,,,,,,,,,,,,,,,,,,,,,,,,,,,,,,,,,,,,,,,,,,,,,,,,,,,,,,,,,,,,,,,,,
Lower_Warriors_Mark_Run ,Warriors_Mark_Run ,4,6172021,Grab,143-TVFF21,TVFF21-013,1008.7,0.904804046,1114.827022,NA,0.0001,NA,NA,NA,0.0014,NA,NA,NA,0.0008,0,0.0073,0.0002,0.0005,NA,NA,0.0002,NA,0.0006,NA,NA,NA,NA,NA,0,NA,0.0939,NA,0,0,NA,0.0002,NA,NA,NA,NA,NA,NA,0.0003,0.0001,0.0002,NA,NA,NA,0.0001,NA,NA,NA,NA,NA,NA,2.69,0.02,4.01,TVFF21-013,0.089,0.01,0.123,,,,,,,,,,,,,,,,,,,,,,,,,,,,,,,,,,,,,,,,,,,,,,,,,,,,,,,,,,,,,,,,,,,,,,,,,,,,,,,,,,,,,,,,,,,
Upper_Warriors_Mark_Run ,Warriors_Mark_Run ,5,6172021,Grab,144-TVFF21,TVFF21-014,1001.1,0.811630847,1233.442523,NA,0.0002,NA,NA,NA,0.0015,NA,NA,NA,0.0006,NA,0.0076,0.0002,0.0005,NA,NA,0.0006,NA,0.0014,NA,NA,NA,NA,NA,0,NA,0.0648,0,0,0,NA,0.0003,NA,0.0007,NA,NA,NA,NA,0,NA,0.0002,NA,0,NA,0.0011,NA,NA,NA,NA,NA,NA,2.06,0.02,3.07,TVFF21-014,0.165,0.01,0.237,,,,,,,,,,,,,,,,,,,,,,,,,,,,,,,,,,,,,,,,,,,,,,,,,,,,,,,,,,,,,,,,,,,,,,,,,,,,,,,,,,,,,,,,,,,
Keith_Nelson,Warriors_Mark_Run ,6,6172021,Grab,145-TVFF21,TVFF21-015,1001.7,0.805562579,1243.478814,NA,0.0012,NA,NA,NA,0.0017,NA,NA,NA,0.0007,0.0001,0.0103,0,0,NA,NA,0.0003,NA,0.0034,NA,NA,NA,NA,NA,NA,NA,0.0463,0,0,NA,NA,0.0002,NA,NA,NA,NA,NA,NA,0.0002,NA,0.0006,NA,NA,NA,0.0009,NA,NA,NA,NA,NA,NA,2.57,0.02,3.83,TVFF21-015,0.099,0.01,0.139,,,,,,,,,,,,,,,,,,,,,,,,,,,,,,,,,,,,,,,,,,,,,,,,,,,,,,,,,,,,,,,,,,,,,,,,,,,,,,,,,,,,,,,,,,,
Halfmoon_Creek_By_Bridge ,Halfmoon_Creek ,7,6172021,Grab,146-TVFF21,TVFF21-016,997.8,0.904804046,1102.780215,NA,NA,NA,NA,NA,0.0031,NA,NA,NA,0.0009,NA,0.0135,0.0026,0.0001,NA,NA,0.0003,NA,0.0001,NA,NA,NA,NA,NA,NA,NA,0.1024,NA,0,NA,NA,0,NA,NA,0,NA,NA,NA,0.0001,NA,NA,NA,0.0002,NA,0.0024,NA,NA,NA,0.0008,NA,NA,1.38,0.02,2.05,TVFF21-016,0.137,0.01,0.196,,,,,,,,,,,,,,,,,,,,,,,,,,,,,,,,,,,,,,,,,,,,,,,,,,,,,,,,,,,,,,,,,,,,,,,,,,,,,,,,,,,,,,,,,,,
Loville,Halfmoon_Creek ,8,6172021,Grab,147-TVFF21,TVFF21-018,992.5,0.622756005,1593.722087,NA,0.0002,NA,NA,NA,0.0084,0.0001,NA,NA,0.0021,0,0.0125,0,0.0002,NA,0,0.0003,NA,0.0014,0.0004,0.0012,NA,0.0049,0.0048,0.0009,NA,NA,NA,0,NA,0,0.0002,0.0002,0.0004,0.0022,NA,0,NA,0.0002,0.0022,0,NA,NA,NA,0.0164,NA,NA,0,0.0001,NA,0.0001,2.75,0.02,4.1,TVFF21-018,0.089,0.01,0.124,,,,,,,,,,,,,,,,,,,,,,,,,,,,,,,,,,,,,,,,,,,,,,,,,,,,,,,,,,,,,,,,,,,,,,,,,,,,,,,,,,,,,,,,,,,
Halfmoon_Creek_After_Confluence ,Halfmoon_Creek ,9,6172021,Grab,148-TVFF21,TVFF21-017,1002.8,0.759418458,1320.484101,NA,0.0002,0.0002,NA,NA,0.0028,NA,NA,NA,0.0013,0.0001,0.0138,0.0022,0.0001,NA,NA,0.0004,NA,0.0003,NA,0.0001,NA,0.0014,0.0009,0.0003,NA,0.0472,0,0,0,NA,0,NA,0.0019,0.24,NA,NA,NA,0.0001,0.0002,NA,NA,0.0001,NA,0.0015,NA,NA,NA,0.0004,NA,NA,1.61,0.02,2.39,TVFF21-017,0.114,0.01,0.161,,,,,,,,,,,,,,,,,,,,,,,,,,,,,,,,,,,,,,,,,,,,,,,,,,,,,,,,,,,,,,,,,,,,,,,,,,,,,,,,,,,,,,,,,,,
Field Blank 6172021,All ,10,6172021,Grab,149-TVFF21,NA,1000,0.983312263,1016.970944,NA,0.002,NA,NA,NA,0.0182,NA,NA,NA,0.0025,NA,0.0002,0,0,NA,NA,0.0005,NA,NA,NA,0.0001,NA,0.0006,NA,0.0001,NA,0.0761,NA,0,0,NA,0.0003,NA,0.0002,0.2401,NA,NA,NA,0.0001,NA,NA,NA,NA,NA,0.0019,NA,NA,0,0.0008,NA,NA,NA,NA,NA,NA,NA,NA,NA,,,,,,,,,,,,,,,,,,,,,,,,,,,,,,,,,,,,,,,,,,,,,,,,,,,,,,,,,,,,,,,,,,,,,,,,,,,,,,,,,,,,,,,,,,,
Ag_Progress_Days ,Spruce_Creek,1,6292021,Grab,150-TVFF21,TVFF21-019/020,923.7,0.929582807,993.6715622,NA,0.0005,NA,NA,NA,0.0032,NA,NA,NA,0.0012,0,0.002,NA,0.0004,NA,NA,0.0003,NA,0,NA,NA,NA,0.0004,NA,0.0001,NA,0.0593,0,0,NA,NA,0,NA,NA,0.2401,NA,NA,NA,0.0003,0,NA,NA,NA,NA,0.0024,NA,NA,NA,NA,NA,NA,1.38,0.02,2.05,TVFF21-020,0.011,0.01,0.006,,,,,,,,,,,,,,,,,,,,,,,,,,,,,,,,,,,,,,,,,,,,,,,,,,,,,,,,,,,,,,,,,,,,,,,,,,,,,,,,,,,,,,,,,,,
Upper_Spruce_Creek_Church ,Spruce_Creek,2,6292021,Grab,151-TVFF21,TVFF21-021/022,1006.8,0.772060683,1304.042574,NA,0.0043,NA,NA,NA,0.0064,NA,NA,NA,0.0011,NA,0.0056,0.0008,0,NA,0,0.0004,NA,0,NA,NA,NA,NA,NA,0,NA,0.078,NA,0,0,0,NA,NA,0.0007,0.2401,NA,0,NA,0.0001,NA,NA,NA,NA,NA,0.0006,NA,NA,NA,NA,NA,NA,2.57,0.02,3.83,TVFF21-022,0.015,0.01,0.013,,,,,,,,,,,,,,,,,,,,,,,,,,,,,,,,,,,,,,,,,,,,,,,,,,,,,,,,,,,,,,,,,,,,,,,,,,,,,,,,,,,,,,,,,,,
George_W_Harvey,Spruce_Creek,3,6292021,Grab,152-TVFF21,TVFF21-023/024,1003.7,0.808849558,1240.898249,NA,NA,NA,NA,NA,0.0061,NA,NA,NA,0.0011,NA,0.005,0.0004,0.0001,NA,NA,0.0005,NA,0.0002,NA,NA,NA,NA,NA,0,NA,0.0603,NA,0.0001,0,NA,0.0014,NA,0.0005,0,NA,NA,NA,0.0004,NA,NA,NA,NA,NA,0.0019,NA,NA,NA,NA,NA,NA,2.59,0.02,3.87,TVFF21-024,0.02,0.01,0.02,,,,,,,,,,,,,,,,,,,,,,,,,,,,,,,,,,,,,,,,,,,,,,,,,,,,,,,,,,,,,,,,,,,,,,,,,,,,,,,,,,,,,,,,,,,
Lower_Warriors_Mark_Run ,Warriors_Mark_Run ,4,6292021,Grab,153-TVFF21,TVFF21-025/026,1004.9,0.752591656,1335.252646,NA,0.0001,NA,NA,NA,0.0253,NA,NA,NA,0.0028,0,0.004,0.0002,0,NA,0,0.0003,NA,0.0002,NA,NA,NA,0,NA,0,NA,0.0366,NA,0,0,0,0.0009,NA,0.0002,0,NA,NA,NA,0.0003,NA,NA,NA,NA,NA,0.0019,NA,NA,NA,NA,NA,NA,1.75,0.02,2.6,TVFF21-026,0.017,0.01,0.016,,,,,,,,,,,,,,,,,,,,,,,,,,,,,,,,,,,,,,,,,,,,,,,,,,,,,,,,,,,,,,,,,,,,,,,,,,,,,,,,,,,,,,,,,,,
Upper_Warriors_Mark_Run ,Warriors_Mark_Run ,5,6292021,Grab,154-TVFF21,TVFF21-027/028,983.2,0.837420986,1174.080918,NA,0.0008,NA,NA,0.0166,0.0053,NA,NA,NA,0.0009,NA,0.0045,0.0002,0.0001,NA,0,0.0004,NA,0.0001,NA,NA,NA,0,NA,0,NA,0.0533,NA,0,0,0,0.0003,NA,NA,0.2401,NA,NA,NA,0.0003,NA,0,NA,NA,NA,0.0047,0,NA,NA,NA,NA,NA,2.28,0.02,3.4,TVFF21-028,0.02,0.01,0.02,,,,,,,,,,,,,,,,,,,,,,,,,,,,,,,,,,,,,,,,,,,,,,,,,,,,,,,,,,,,,,,,,,,,,,,,,,,,,,,,,,,,,,,,,,,
Keith_Nelson,Warriors_Mark_Run ,6,6302021,Grab,155-TVFF21,TVFF21-029/030,922.4,0.794184576,1161.442853,NA,NA,NA,NA,0.021,0.013,NA,NA,NA,0.0017,NA,0.0088,0,0.0003,0.2039,NA,0.0002,NA,0.002,NA,NA,0.2039,NA,NA,0,NA,0.0397,0,0.0001,NA,NA,0.0004,NA,0.0004,0,NA,NA,NA,0.0002,NA,0,NA,0.0004,NA,0.0021,NA,0.0002,NA,NA,NA,NA,3.14,0.02,4.68,TVFF21-030,0.03,0.01,0.036,,,,,,,,,,,,,,,,,,,,,,,,,,,,,,,,,,,,,,,,,,,,,,,,,,,,,,,,,,,,,,,,,,,,,,,,,,,,,,,,,,,,,,,,,,,
Halfmoon_Creek_By_Bridge ,Halfmoon_Creek ,7,6302021,Grab,156-TVFF21,TVFF21-031/032,1001.4,0.824020228,1215.261429,NA,0.0004,NA,NA,NA,0.0106,NA,NA,NA,0.0024,0,0.0109,0.0025,0,NA,NA,0.0003,NA,NA,NA,0.0001,NA,NA,0.0001,0,NA,NA,NA,0.0001,0,NA,0.0008,NA,0.0011,0.2401,NA,NA,NA,0.0002,NA,NA,NA,NA,NA,0.0021,NA,NA,NA,0.0003,NA,NA,1.41,0.02,2.09,TVFF21-032,0.091,0.01,0.127,,,,,,,,,,,,,,,,,,,,,,,,,,,,,,,,,,,,,,,,,,,,,,,,,,,,,,,,,,,,,,,,,,,,,,,,,,,,,,,,,,,,,,,,,,,
Loville,Halfmoon_Creek ,8,6302021,Grab,157-TVFF21,TVFF21-033/034,1007.6,0.740707965,1360.32019,NA,0.0001,NA,NA,NA,0.0044,NA,NA,NA,0.001,0,0.0103,NA,0.0002,NA,NA,0.0001,NA,0.0012,NA,0,NA,NA,NA,NA,NA,NA,NA,0,NA,NA,NA,NA,0.0031,NA,NA,NA,NA,0.0002,NA,NA,NA,NA,NA,0.0016,NA,NA,NA,NA,NA,NA,2.77,0.02,4.14,TVFF21-034,0.04,0.01,0.05,,,,,,,,,,,,,,,,,,,,,,,,,,,,,,,,,,,,,,,,,,,,,,,,,,,,,,,,,,,,,,,,,,,,,,,,,,,,,,,,,,,,,,,,,,,
Halfmoon_Creek_After_Confluence ,Halfmoon_Creek ,9,6302021,Grab,158-TVFF21,TVFF21-035/036,1000.3,0.945385588,1058.086788,NA,NA,NA,NA,NA,0.012,NA,NA,NA,0.0012,0,0.011,0.0015,0.0001,NA,NA,0.0003,NA,0.0002,NA,0.0001,NA,NA,NA,NA,NA,0.082,0,0,0,NA,NA,NA,0.003,NA,NA,0,NA,0.0001,NA,0,NA,NA,NA,0.0019,NA,NA,NA,0.0001,NA,NA,1.71,0.02,2.54,TVFF21-036,0.071,0.01,0.097,,,,,,,,,,,,,,,,,,,,,,,,,,,,,,,,,,,,,,,,,,,,,,,,,,,,,,,,,,,,,,,,,,,,,,,,,,,,,,,,,,,,,,,,,,,
Field Blank_6292021_6302021,All ,10,6302021,Grab,159-TVFF21,Field Blank_6292021_6302021,1020.2,0.981036662,1039.920361,NA,0.0006,NA,NA,NA,0.0336,NA,NA,NA,0.0038,NA,0.0001,0,NA,NA,0,0.001,NA,0.0003,NA,NA,NA,0,NA,NA,NA,0.0741,NA,0,NA,0,NA,NA,NA,NA,NA,0.0001,NA,0.0001,NA,NA,NA,NA,NA,0.0039,0,NA,NA,NA,NA,NA,NA,NA,NA,NA,NA,NA,NA,,,,,,,,,,,,,,,,,,,,,,,,,,,,,,,,,,,,,,,,,,,,,,,,,,,,,,,,,,,,,,,,,,,,,,,,,,,,,,,,,,,,,,,,,,,
Ag_Progress_Days ,Spruce_Creek,1,7152021,Grab,160-TVFF21,TVFF21-055/056,1009.2,1.165233881,866.092221,NA,0.0001,NA,NA,NA,0.0054,NA,NA,NA,0.0012,0,0.005,NA,0.0003,0.2039,NA,0.0006,NA,0.0003,NA,0.0001,0.2039,NA,NA,0,NA,0.0064,0,0,NA,NA,0,NA,NA,NA,NA,NA,NA,0.0002,NA,NA,NA,NA,NA,0.001,NA,NA,NA,NA,NA,NA,1.43,0.02,2.13,TVFF21-055,0.018,0.01,0.017,,,,,,,,,,,,,,,,,,,,,,,,,,,,,,,,,,,,,,,,,,,,,,,,,,,,,,,,,,,,,,,,,,,,,,,,,,,,,,,,,,,,,,,,,,,
Upper_Spruce_Creek_Church ,Spruce_Creek,2,7152021,Grab,161-TVFF21,TVFF21-057/058,1002,1.014664981,987.5180663,NA,0.0026,NA,NA,NA,0.0683,NA,NA,NA,0.0009,0,0.0053,0.0009,0.0003,NA,0,0.0003,NA,0.0001,NA,0,NA,NA,NA,NA,NA,0.0032,0,0,0,0,0,NA,0.0114,NA,NA,0.0001,NA,0.0002,NA,NA,NA,NA,NA,0.0017,NA,NA,NA,NA,NA,NA,2.42,0.02,3.61,TVFF21-057,0.026,0.01,0.03,,,,,,,,,,,,,,,,,,,,,,,,,,,,,,,,,,,,,,,,,,,,,,,,,,,,,,,,,,,,,,,,,,,,,,,,,,,,,,,,,,,,,,,,,,,
George_W_Harvey,Spruce_Creek,3,7152021,Grab,162-TVFF21,TVFF21-059/060,996.8,1.384070796,720.1943736,NA,0.0002,NA,NA,NA,0.0125,NA,NA,NA,0,0,0.0048,0.0003,0.0003,NA,NA,0.0003,NA,0.0001,0,NA,NA,0.0002,NA,0,NA,0.0321,NA,0,0,NA,0.0003,NA,NA,NA,NA,NA,NA,0.0002,NA,NA,NA,NA,NA,0.0013,NA,NA,NA,NA,NA,NA,2.39,0.02,3.56,TVFF21-059,0.027,0.01,0.03,,,,,,,,,,,,,,,,,,,,,,,,,,,,,,,,,,,,,,,,,,,,,,,,,,,,,,,,,,,,,,,,,,,,,,,,,,,,,,,,,,,,,,,,,,,
Lower_Warriors_Mark_Run ,Warriors_Mark_Run ,4,7152021,Grab,163-TVFF21,TVFF21-061/062,992.8,0.971554994,1021.867013,NA,0.0006,NA,NA,NA,0.0063,NA,NA,NA,0.0023,0.0001,0.0048,0.0002,0.0003,NA,0,0.0003,NA,0.0002,0,0.0001,NA,0.0047,0.0046,0.0012,NA,0.1198,NA,0.0001,0.0001,0,0.0005,NA,0.0003,0.0033,NA,0.0002,NA,0.0001,0.0018,NA,NA,NA,NA,0.0006,NA,NA,0,0.0002,NA,0,2.05,0.02,3.05,TVFF21-061,0.026,0.01,0.029,,,,,,,,,,,,,,,,,,,,,,,,,,,,,,,,,,,,,,,,,,,,,,,,,,,,,,,,,,,,,,,,,,,,,,,,,,,,,,,,,,,,,,,,,,,
Upper_Warriors_Mark_Run ,Warriors_Mark_Run ,5,7152021,Grab,164-TVFF21,TVFF21-063/064,1013,1.179393173,858.9162827,NA,NA,NA,NA,NA,0.0045,NA,NA,NA,0.0014,NA,0.0046,0.0002,0.0001,NA,NA,0.0003,NA,0,0,0.0001,NA,0.0012,0.0001,0.0003,NA,0.0344,NA,0,0,NA,0.0002,NA,0.0004,0.2396,NA,NA,NA,0.0002,0.0001,NA,NA,0,NA,0.0007,NA,NA,NA,0.0005,NA,NA,1.73,0.02,2.56,TVFF21-063,0.023,0.01,0.025,,,,,,,,,,,,,,,,,,,,,,,,,,,,,,,,,,,,,,,,,,,,,,,,,,,,,,,,,,,,,,,,,,,,,,,,,,,,,,,,,,,,,,,,,,,
Keith_Nelson,Warriors_Mark_Run ,6,7152021,Grab,165-TVFF21,TVFF21-065/066,989.7,0.884576485,1118.840504,NA,0.0005,NA,NA,NA,0.0028,NA,NA,NA,0.0012,0,0.0085,0,0,NA,NA,0.0002,NA,0.0013,NA,NA,NA,0.0004,NA,0.0001,NA,0.0649,0,0,0,NA,0.001,NA,0.002,0.2401,NA,0.0001,NA,0.0003,NA,0,NA,0.0001,NA,0.001,NA,NA,NA,NA,NA,NA,2.43,0.02,3.62,TVFF21-065,0.112,0.01,0.158,,,,,,,,,,,,,,,,,,,,,,,,,,,,,,,,,,,,,,,,,,,,,,,,,,,,,,,,,,,,,,,,,,,,,,,,,,,,,,,,,,,,,,,,,,,
Halfmoon_Creek_By_Bridge ,Halfmoon_Creek ,7,7152021,Grab,166-TVFF21,TVFF21-067/068,996.4,1.134513274,878.2620907,NA,NA,NA,NA,NA,0.0187,NA,NA,NA,0.001,0,0.0149,0.0044,0.0002,NA,NA,0.0002,NA,0.0002,NA,0.0001,NA,0.0002,NA,0,NA,0.0637,0,0,0,NA,0.0037,NA,0.0008,0.2401,NA,NA,NA,0.0002,NA,0,NA,0,NA,0.0019,NA,NA,NA,0.0003,NA,NA,1.9,0.02,2.82,TVFF21-067,0.045,0.01,0.058,,,,,,,,,,,,,,,,,,,,,,,,,,,,,,,,,,,,,,,,,,,,,,,,,,,,,,,,,,,,,,,,,,,,,,,,,,,,,,,,,,,,,,,,,,,
Loville,Halfmoon_Creek ,8,7152021,Grab,167-TVFF21,TVFF21-069/070,988.9,1.015423515,973.8793571,NA,0.0002,NA,NA,NA,0.0028,NA,NA,NA,0.0009,NA,0.0062,NA,0.0003,NA,0,0.0003,NA,0.0012,NA,NA,NA,NA,NA,0,NA,0.0694,NA,0,0,0,NA,NA,0.0006,0.2401,NA,NA,NA,0.0003,NA,NA,NA,NA,NA,0.004,NA,NA,NA,NA,NA,NA,2.7,0.02,4.03,TVFF21-069,0.036,0.01,0.044,,,,,,,,,,,,,,,,,,,,,,,,,,,,,,,,,,,,,,,,,,,,,,,,,,,,,,,,,,,,,,,,,,,,,,,,,,,,,,,,,,,,,,,,,,,
Halfmoon_Creek_After_Confluence ,Halfmoon_Creek ,9,7152021,Grab,168-TVFF21,TVFF21-071/072,1024.8,1.286346397,796.6749877,NA,NA,NA,NA,NA,0.0226,NA,NA,NA,0.0009,0.0001,0.0122,0.0034,0.0002,NA,NA,0.0003,NA,0.0003,NA,NA,NA,0.0002,NA,0,NA,0.0147,0,0,NA,NA,0.0001,NA,0.0004,0,NA,0.0001,NA,0.0002,NA,NA,NA,NA,NA,0.0013,NA,NA,NA,0.0007,NA,NA,1.87,0.02,2.77,TVFF21-071,0.048,0.01,0.062,,,,,,,,,,,,,,,,,,,,,,,,,,,,,,,,,,,,,,,,,,,,,,,,,,,,,,,,,,,,,,,,,,,,,,,,,,,,,,,,,,,,,,,,,,,
Field Blank 7/15/21,All ,10,7152021,Grab,169-TVFF21,,977.3,1.32920354,735.2523301,NA,0,NA,NA,NA,0.0071,NA,NA,NA,0.0017,NA,0.0002,0,NA,NA,0,0.0047,NA,NA,NA,NA,NA,0.0001,NA,NA,NA,0.078,NA,0,NA,0,0,NA,NA,0.2401,NA,NA,NA,0.0002,NA,NA,NA,NA,NA,0.0022,NA,NA,NA,NA,NA,NA,NA,NA,NA,NA,NA,NA,NA,,,,,,,,,,,,,,,,,,,,,,,,,,,,,,,,,,,,,,,,,,,,,,,,,,,,,,,,,,,,,,,,,,,,,,,,,,,,,,,,,,,,,,,,,,,
Ag_Progress_Days ,Spruce_Creek,1,7302021,Grab,180-TVFF21,TVFF21-073/074,954.8,1.082427307,882.0915676,NA,0,NA,NA,NA,0.0036,0.0001,NA,NA,0.0029,0.0003,0.0024,0.0001,0.0002,NA,NA,0.0004,NA,0,0.0005,0.0015,NA,0.0029,0.0026,0.001,NA,0.0023,0,0,0.0002,NA,0.0001,NA,0.0005,0.0066,NA,0,NA,0.0001,NA,0.0001,NA,NA,NA,0.0016,NA,NA,0,0.0004,NA,0.0001,1.65,0.02,2.45,TVFF21-073,0.013,0.01,0.01,,,,,,,,,,,,,,,,,,,,,,,,,,,,,,,,,,,,,,,,,,,,,,,,,,,,,,,,,,,,,,,,,,,,,,,,,,,,,,,,,,,,,,,,,,,
Upper_Spruce_Creek_Church ,Spruce_Creek,2,7302021,Grab,181-TVFF21,TVFF21-075/076,957.3,0.836662453,1144.189029,NA,0.0006,NA,NA,NA,0.009,NA,NA,NA,0.0018,NA,0.0043,0.0005,0,NA,NA,0.0004,NA,NA,0,0.0001,NA,0.0005,0.0002,0.0002,NA,0.0081,NA,0,0,NA,0.0001,NA,0.0007,0.0024,NA,0,NA,0.0004,0.0001,0,NA,NA,NA,0.0013,NA,NA,NA,0.0006,NA,0,2.63,0.02,3.93,TVFF21-075,0.013,0.01,0.01,,,,,,,,,,,,,,,,,,,,,,,,,,,,,,,,,,,,,,,,,,,,,,,,,,,,,,,,,,,,,,,,,,,,,,,,,,,,,,,,,,,,,,,,,,,
George_W_Harvey,Spruce_Creek,3,7302021,Grab,182-TVFF21,TVFF21-077/078,989.7,1.266750948,781.2901199,NA,0.0002,NA,NA,NA,0.0072,NA,NA,NA,0.0014,0.0001,0.0036,0.0002,0.0001,NA,NA,0.0004,NA,0,0,NA,NA,0.0003,NA,0.0001,NA,0.0447,NA,0,0,NA,0.0003,NA,0.0011,0.2401,NA,NA,NA,0.0004,NA,NA,NA,NA,NA,0.0005,NA,NA,NA,0.0004,NA,NA,2.55,0.02,3.81,TVFF21-077,0.016,0.01,0.014,,,,,,,,,,,,,,,,,,,,,,,,,,,,,,,,,,,,,,,,,,,,,,,,,,,,,,,,,,,,,,,,,,,,,,,,,,,,,,,,,,,,,,,,,,,
Lower_Warriors_Mark_Run ,Warriors_Mark_Run ,4,7302021,Grab,183-TVFF21,TVFF21-079/080,955.3,0.891782554,1071.225262,NA,0.0004,NA,NA,NA,0.0092,NA,NA,NA,0.0016,0.0001,0.0032,0.0001,0.0007,NA,NA,0.0004,NA,0,NA,NA,NA,NA,NA,0,NA,0.0308,NA,0,0,NA,0.0011,NA,NA,0.2393,NA,NA,NA,0.0003,NA,NA,NA,NA,NA,0.001,NA,NA,NA,0.0005,NA,NA,1.92,0.02,2.86,TVFF21-079,0.017,0.01,0.015,,,,,,,,,,,,,,,,,,,,,,,,,,,,,,,,,,,,,,,,,,,,,,,,,,,,,,,,,,,,,,,,,,,,,,,,,,,,,,,,,,,,,,,,,,,
Upper_Warriors_Mark_Run ,Warriors_Mark_Run ,5,7302021,Grab,184-TVFF21,TVFF21-081/082,944.2,0.863843236,1093.022392,NA,0.0004,NA,NA,NA,0.0054,NA,NA,NA,0.0014,NA,0.003,0.0001,0.0003,NA,NA,0.0003,NA,0,NA,NA,NA,0.0001,NA,0.0001,NA,0.0446,NA,0,0,NA,0.0004,NA,0.0003,0.2401,NA,NA,NA,0.0003,NA,NA,NA,NA,NA,0.0009,NA,NA,NA,0.0004,NA,NA,1.5,0.02,2.23,TVFF21-081,0.015,0.01,0.012,,,,,,,,,,,,,,,,,,,,,,,,,,,,,,,,,,,,,,,,,,,,,,,,,,,,,,,,,,,,,,,,,,,,,,,,,,,,,,,,,,,,,,,,,,,
Keith_Nelson,Warriors_Mark_Run ,6,7302021,Grab,185-TVFF21,TVFF21-083/084,946.6,0.963337547,982.6254597,NA,0.0003,NA,NA,NA,0.0038,NA,NA,NA,0.001,0,0.0072,NA,0.0001,NA,NA,0.0004,NA,0.0006,NA,NA,NA,NA,NA,0,NA,0.0378,0,0,0,NA,0.0001,NA,0.0006,0.24,NA,NA,NA,0.0004,0,0,NA,NA,NA,0.0011,NA,NA,NA,NA,NA,NA,2.26,0.02,3.36,TVFF21-083,0.031,0.01,0.037,,,,,,,,,,,,,,,,,,,,,,,,,,,,,,,,,,,,,,,,,,,,,,,,,,,,,,,,,,,,,,,,,,,,,,,,,,,,,,,,,,,,,,,,,,,
Halfmoon_Creek_By_Bridge ,Halfmoon_Creek ,7,7302021,Grab,186-TVFF21,TVFF21-085/086,950.9,0.843994943,1126.665518,NA,0.0001,NA,NA,NA,0.0129,NA,NA,NA,0.001,NA,0.004,0.0024,0,NA,NA,0.0006,NA,0.0002,NA,NA,NA,0,NA,0,NA,NA,0,0,0,NA,0.0005,NA,0.0009,0.24,NA,NA,NA,0.0003,NA,NA,NA,0.0004,NA,0.0023,NA,NA,NA,0.0014,NA,0,1.78,0.02,2.65,TVFF21-085,0.053,0.01,0.069,,,,,,,,,,,,,,,,,,,,,,,,,,,,,,,,,,,,,,,,,,,,,,,,,,,,,,,,,,,,,,,,,,,,,,,,,,,,,,,,,,,,,,,,,,,
Loville,Halfmoon_Creek ,8,7302021,Grab,187-TVFF21,TVFF21-087/88,946.9,1.008723135,938.7114929,NA,0.0001,NA,NA,0.0216,0.0092,NA,NA,NA,0.0011,0.0001,0.0035,NA,0,NA,NA,0.0003,NA,0.0004,NA,NA,NA,0,0.0002,0,NA,0.052,NA,0,0,NA,0.0001,NA,0.0004,NA,NA,NA,NA,0.0004,NA,NA,NA,NA,NA,0.013,0,NA,NA,NA,NA,NA,2.76,0.02,4.11,TVFF21-087,0.038,0.01,0.047,,,,,,,,,,,,,,,,,,,,,,,,,,,,,,,,,,,,,,,,,,,,,,,,,,,,,,,,,,,,,,,,,,,,,,,,,,,,,,,,,,,,,,,,,,,
Halfmoon_Creek_After_Confluence ,Halfmoon_Creek ,9,7302021,Grab,188-TVFF21,TVFF21-089/90,946,0.983817952,961.5600102,NA,0.0004,NA,NA,NA,0.009,NA,NA,NA,0.0012,NA,0.0043,0.0017,0,0.2042,NA,0.0005,NA,0.0001,NA,NA,0.2042,NA,NA,NA,NA,NA,NA,0,0,NA,0.0005,NA,0.0035,0.2401,NA,NA,NA,0.0003,NA,NA,NA,0.0001,NA,0.0024,NA,NA,NA,0.0017,NA,0,1.89,0.02,2.81,TVFF21-089,0.048,0.01,0.063,,,,,,,,,,,,,,,,,,,,,,,,,,,,,,,,,,,,,,,,,,,,,,,,,,,,,,,,,,,,,,,,,,,,,,,,,,,,,,,,,,,,,,,,,,,
Field Blank_7302021,All ,10,7302021,Grab,189-TVFF21,- ,931.1,1.087989886,855.7983966,NA,0.0005,NA,NA,NA,0.0114,NA,NA,NA,0.0041,NA,0.0001,0,NA,NA,NA,0.0009,NA,NA,NA,NA,NA,0,NA,0.0001,NA,0.0285,NA,0,0,NA,NA,NA,NA,0.2401,NA,NA,NA,0.0001,NA,NA,NA,NA,NA,0.0021,NA,NA,NA,0.0009,NA,NA,NA,NA,NA,NA,NA,NA,NA,,,,,,,,,,,,,,,,,,,,,,,,,,,,,,,,,,,,,,,,,,,,,,,,,,,,,,,,,,,,,,,,,,,,,,,,,,,,,,,,,,,,,,,,,,,
Ag_Progress_Days ,Spruce_Creek,1,8122021,Grab,190-TVFF21,TVFF21-0091,987.5,1.000379267,987.1256158,NA,0.0016,NA,NA,NA,0.0091,NA,NA,NA,0.0007,0,0.0021,NA,0.0004,NA,NA,0.0006,NA,0,NA,NA,NA,NA,NA,0,NA,0.0368,NA,0,NA,NA,0.0008,NA,0.0017,0.2401,NA,0,NA,0.0003,NA,NA,NA,0.0001,NA,0.0021,NA,NA,NA,NA,NA,NA,1.6,0.02,2.38,TVFF21-0091,0.014,0.01,0.011,,,,,,,,,,,,,,,,,,,,,,,,,,,,,,,,,,,,,,,,,,,,,,,,,,,,,,,,,,,,,,,,,,,,,,,,,,,,,,,,,,,,,,,,,,,
Upper_Spruce_Creek_Church ,Spruce_Creek,2,8122021,Grab,191-TVFF21,TVFF21-0092,980.9,0.961567636,1020.105049,NA,0.0003,NA,NA,NA,0.0086,NA,NA,NA,0.0015,NA,0.0037,0.0003,0.0005,NA,NA,0.0005,NA,0,NA,NA,NA,NA,NA,NA,NA,0.0879,NA,0,0,NA,0,NA,0.0012,NA,NA,NA,NA,0.0004,NA,NA,NA,NA,NA,0.0024,NA,NA,NA,NA,NA,NA,2.67,0.02,3.98,TVFF21-0092,0.013,0.01,0.01,,,,,,,,,,,,,,,,,,,,,,,,,,,,,,,,,,,,,,,,,,,,,,,,,,,,,,,,,,,,,,,,,,,,,,,,,,,,,,,,,,,,,,,,,,,
George_W_Harvey,Spruce_Creek,3,8122021,Grab,192-TVFF21,TVFF21-0093,999,0.988242731,1010.88525,NA,0.0003,NA,NA,NA,0.008,NA,NA,NA,0.0011,0,0.0034,0.0002,0,NA,NA,0.0008,NA,0,NA,NA,NA,NA,NA,NA,NA,0.0637,NA,0,0,NA,0.0004,NA,0.0005,NA,NA,NA,NA,0.0004,NA,NA,NA,NA,NA,0.0022,NA,NA,NA,NA,NA,NA,2.44,0.02,3.64,TVFF21-0093,0.021,0.01,0.021,,,,,,,,,,,,,,,,,,,,,,,,,,,,,,,,,,,,,,,,,,,,,,,,,,,,,,,,,,,,,,,,,,,,,,,,,,,,,,,,,,,,,,,,,,,
Lower_Warriors_Mark_Run ,Warriors_Mark_Run ,4,8122021,Grab,193-TVFF21,TVFF21-0094,991.3,0.81517067,1216.064361,NA,0.0001,NA,NA,NA,0.011,NA,NA,NA,0,0,0.0024,0.0001,0,NA,NA,0.0005,NA,0,NA,NA,NA,0,NA,NA,NA,0.0402,NA,0.0001,0,NA,0.002,NA,NA,0.2401,NA,NA,NA,0.0003,NA,NA,NA,NA,NA,0.0022,NA,NA,NA,NA,NA,NA,1.75,0.02,2.6,TVFF21-0094,0.017,0.01,0.016,,,,,,,,,,,,,,,,,,,,,,,,,,,,,,,,,,,,,,,,,,,,,,,,,,,,,,,,,,,,,,,,,,,,,,,,,,,,,,,,,,,,,,,,,,,
Upper_Warriors_Mark_Run ,Warriors_Mark_Run ,5,8122021,Grab,194-TVFF21,TVFF21-0095,990.6,1.265613148,782.703626,NA,0.0008,NA,NA,NA,0.0143,NA,NA,NA,0.0012,0,0.0021,0.0001,0.0003,NA,NA,0.0003,NA,NA,NA,NA,NA,NA,NA,0,NA,0.0415,NA,0,0,NA,0.0025,NA,NA,NA,NA,NA,NA,0.0003,NA,NA,NA,NA,NA,0.0015,NA,NA,NA,NA,NA,NA,1.29,0.02,1.91,TVFF21-0095,0.017,0.01,0.016,,,,,,,,,,,,,,,,,,,,,,,,,,,,,,,,,,,,,,,,,,,,,,,,,,,,,,,,,,,,,,,,,,,,,,,,,,,,,,,,,,,,,,,,,,,
Keith_Nelson,Warriors_Mark_Run ,6,8122021,Grab,195-TVFF21,TVFF21-0096,1000.7,0.960556258,1041.792182,NA,0.0006,NA,NA,NA,0.006,NA,NA,NA,0.0013,0,0.0051,NA,0,NA,NA,0.0003,NA,0.0003,NA,NA,NA,NA,NA,NA,NA,0.1067,NA,NA,NA,NA,0.0001,NA,0.0021,NA,NA,0,NA,0.0004,NA,0,NA,NA,NA,0.0012,NA,NA,NA,NA,NA,NA,2.5,0.02,3.72,TVFF21-0096,0.032,0.01,0.038,,,,,,,,,,,,,,,,,,,,,,,,,,,,,,,,,,,,,,,,,,,,,,,,,,,,,,,,,,,,,,,,,,,,,,,,,,,,,,,,,,,,,,,,,,,
Halfmoon_Creek_By_Bridge ,Halfmoon_Creek ,7,8122021,Grab,196-TVFF21,TVFF21-0097,995.7,0.928824273,1072.000408,NA,0.0008,NA,NA,NA,0.0245,0.0003,NA,NA,0.0018,NA,0.0028,0.0023,0.0001,NA,NA,0.0004,NA,0,0.0002,0.0006,NA,0.0028,0.0006,0.0005,NA,0.0725,NA,0.0001,0.0002,NA,0.0005,0.0002,0.0007,0.0043,NA,0,NA,0.0004,0.0004,0,NA,0.0002,NA,0.0033,NA,NA,0,0.0023,NA,0.0001,1.08,0.02,1.59,TVFF21-0097,0.044,0.01,0.056,,,,,,,,,,,,,,,,,,,,,,,,,,,,,,,,,,,,,,,,,,,,,,,,,,,,,,,,,,,,,,,,,,,,,,,,,,,,,,,,,,,,,,,,,,,
Loville,Halfmoon_Creek ,8,8122021,Grab,197-TVFF21,TVFF21-0098,989.8,0.911757269,1085.595952,NA,0.0003,NA,NA,NA,0.0136,NA,NA,NA,0.0014,NA,0.0039,0,0,NA,NA,0.0003,NA,0.0002,NA,NA,NA,0.0005,NA,0.0001,NA,0.0305,NA,NA,0,NA,0.0002,NA,0.0029,0.2397,NA,NA,NA,0.0004,0.0001,NA,NA,NA,NA,0.0054,NA,NA,NA,NA,NA,NA,2.52,0.02,3.75,TVFF21-0098,0.039,0.01,0.048,,,,,,,,,,,,,,,,,,,,,,,,,,,,,,,,,,,,,,,,,,,,,,,,,,,,,,,,,,,,,,,,,,,,,,,,,,,,,,,,,,,,,,,,,,,
Halfmoon_Creek_After_Confluence ,Halfmoon_Creek ,9,8122021,Grab,198-TVFF21,TVFF21-0099,982.1,0.945385588,1038.835384,NA,0.0002,NA,NA,NA,0.0213,NA,NA,NA,0.0011,NA,0.003,0.0019,0,NA,NA,0.0007,NA,0.0002,NA,NA,NA,NA,NA,0,NA,0.1046,NA,0,0,NA,0.0003,NA,0.0021,0.2398,NA,NA,NA,0.0003,NA,NA,NA,0.0001,NA,0.0034,NA,NA,NA,0.0006,NA,NA,1.35,0.02,2.01,TVFF21-0099,0.047,0.01,0.061,,,,,,,,,,,,,,,,,,,,,,,,,,,,,,,,,,,,,,,,,,,,,,,,,,,,,,,,,,,,,,,,,,,,,,,,,,,,,,,,,,,,,,,,,,,
Field Blank_8122021,All ,10,8122021,Grab,199-TVFF21,,987.6,0.983059418,1004.618828,NA,0.0002,NA,NA,NA,0.0324,NA,NA,NA,0.0042,0,NA,0,NA,NA,0,0.0017,NA,0,NA,NA,NA,0.0001,NA,0.0001,NA,0.0031,NA,0,0,0,0.0012,NA,NA,0.2401,NA,NA,NA,0.0001,0.0001,0,NA,NA,NA,0.0042,NA,NA,NA,0.0003,NA,NA,NA,NA,NA,NA,NA,NA,NA,,,,,,,,,,,,,,,,,,,,,,,,,,,,,,,,,,,,,,,,,,,,,,,,,,,,,,,,,,,,,,,,,,,,,,,,,,,,,,,,,,,,,,,,,,,
Ag_Progress_Days ,Spruce_Creek,1,8272021,Grab,200-TVFF21,TVFF21-0100,987.2,1.148798989,859.3322326,NA,0.0007,NA,NA,NA,0.0062,NA,NA,NA,0.0015,0,0.0039,NA,0.0005,NA,0,0.0003,NA,0,NA,NA,NA,NA,NA,0.0001,NA,0.0321,NA,0,0,0,NA,NA,NA,0.2399,NA,NA,NA,0.0003,NA,NA,NA,0,NA,0.0016,NA,NA,NA,NA,NA,NA,1.59,0.02,2.36,TVFF21-0100,0.015,0.01,0.012,,,,,,,,,,,,,,,,,,,,,,,,,,,,,,,,,,,,,,,,,,,,,,,,,,,,,,,,,,,,,,,,,,,,,,,,,,,,,,,,,,,,,,,,,,,
Upper_Spruce_Creek_Church ,Spruce_Creek,2,8272021,Grab,201-TVFF21,TVFF21-0101,992,0.835271808,1187.637354,NA,0.0035,NA,NA,NA,0.0057,NA,NA,NA,0.0013,NA,0.004,0.0008,0,NA,0,0.0008,NA,0,NA,NA,NA,NA,NA,0,NA,NA,NA,0.0001,0,0,0,NA,0.0013,NA,NA,NA,NA,0.0003,NA,NA,NA,NA,NA,0.0009,NA,NA,NA,NA,NA,NA,2.67,0.02,3.98,TVFF21-0101,0.015,0.01,0.013,,,,,,,,,,,,,,,,,,,,,,,,,,,,,,,,,,,,,,,,,,,,,,,,,,,,,,,,,,,,,,,,,,,,,,,,,,,,,,,,,,,,,,,,,,,
George_W_Harvey,Spruce_Creek,3,8272021,Grab,202-TVFF21,TVFF21-0102,988,1.108849558,891.0135671,NA,0,NA,NA,NA,0.005,NA,NA,NA,0.001,0.0001,0.0037,0.0003,0,0.204,NA,0.0003,NA,0.0001,NA,NA,0.204,NA,NA,0,NA,0.0484,0,0,0,NA,0.0003,NA,0.0011,NA,NA,NA,NA,0,0,NA,NA,NA,NA,0.0022,NA,NA,NA,NA,NA,NA,2.51,0.02,3.75,TVFF21-0102,0.045,0.01,0.057,,,,,,,,,,,,,,,,,,,,,,,,,,,,,,,,,,,,,,,,,,,,,,,,,,,,,,,,,,,,,,,,,,,,,,,,,,,,,,,,,,,,,,,,,,,
Lower_Warriors_Mark_Run ,Warriors_Mark_Run ,4,8272021,Grab,203-TVFF21,TVFF21-0103,994.2,1.064096081,934.3141261,NA,0.0001,NA,NA,NA,0.0037,NA,NA,NA,0.001,0.0001,0.0032,0.0002,0,NA,NA,0.0002,NA,0.0003,NA,NA,NA,NA,NA,0,NA,0.0554,NA,0,NA,NA,0.0004,NA,0.0004,NA,NA,NA,NA,0.0002,NA,NA,NA,NA,NA,0.0005,NA,NA,NA,0.0004,NA,NA,1.99,0.02,2.96,TVFF21-0103,0.055,0.01,0.073,,,,,,,,,,,,,,,,,,,,,,,,,,,,,,,,,,,,,,,,,,,,,,,,,,,,,,,,,,,,,,,,,,,,,,,,,,,,,,,,,,,,,,,,,,,
Upper_Warriors_Mark_Run ,Warriors_Mark_Run ,5,8272021,Grab,204-TVFF21,TVFF21-0104,992.6,0.832237674,1192.688136,NA,0.0001,NA,NA,NA,0.0046,NA,NA,NA,0.0011,0,0.0029,0.0002,0.0002,NA,NA,0.0003,NA,0.0002,NA,NA,NA,NA,NA,0,NA,0.071,0,0,NA,NA,0.0025,NA,0.0011,NA,NA,0,NA,0.0002,NA,NA,NA,NA,NA,0.0007,NA,NA,NA,NA,NA,NA,1.53,0.02,2.28,TVFF21-0104,0.039,0.01,0.049,,,,,,,,,,,,,,,,,,,,,,,,,,,,,,,,,,,,,,,,,,,,,,,,,,,,,,,,,,,,,,,,,,,,,,,,,,,,,,,,,,,,,,,,,,,
Keith_Nelson,Warriors_Mark_Run ,6,8272021,Grab,205-TVFF21,TVFF21-0105,966.6,0.826801517,1169.083486,NA,0.0005,NA,NA,NA,0.0064,NA,NA,NA,0,0,0.0051,NA,0,NA,NA,0.0003,NA,0.0008,NA,NA,NA,NA,NA,NA,NA,0.0319,NA,0,NA,NA,0.0005,0.0001,0.0004,0,NA,NA,NA,0.0002,NA,0,NA,NA,NA,0.0012,NA,NA,NA,NA,NA,NA,3.16,0.02,4.71,TVFF21-0105,0.19,0.01,0.276,,,,,,,,,,,,,,,,,,,,,,,,,,,,,,,,,,,,,,,,,,,,,,,,,,,,,,,,,,,,,,,,,,,,,,,,,,,,,,,,,,,,,,,,,,,
Halfmoon_Creek_By_Bridge ,Halfmoon_Creek ,7,8272021,Grab,206-TVFF21,TVFF21-0106,957.9,0.803539823,1192.10022,NA,0.0007,0.0002,NA,NA,0.0279,NA,NA,NA,0.001,NA,0.0032,0.0054,0,NA,NA,0.0005,NA,0,NA,NA,NA,NA,NA,0,NA,0.0288,NA,NA,0,NA,0.0001,NA,0.0013,NA,NA,NA,NA,0.0003,NA,NA,NA,NA,NA,0.0015,NA,NA,NA,NA,NA,NA,1.64,0.02,2.44,TVFF21-106,0.048,0.01,0.062,,,,,,,,,,,,,,,,,,,,,,,,,,,,,,,,,,,,,,,,,,,,,,,,,,,,,,,,,,,,,,,,,,,,,,,,,,,,,,,,,,,,,,,,,,,
Loville,Halfmoon_Creek ,8,8272021,Grab,207-TVFF21,TVFF21-0107,982.5,0.913653603,1075.352844,NA,0.0008,NA,NA,NA,0.0048,NA,NA,NA,0.0013,0,0.0042,0,0,NA,NA,0.0003,NA,0.0003,NA,NA,NA,NA,NA,NA,NA,NA,NA,0.0002,NA,NA,0,NA,0.001,NA,NA,NA,NA,0.0003,NA,NA,NA,NA,NA,0.001,NA,NA,NA,NA,NA,NA,2.84,0.02,4.23,TVFF21-107,0.077,0.01,0.106,,,,,,,,,,,,,,,,,,,,,,,,,,,,,,,,,,,,,,,,,,,,,,,,,,,,,,,,,,,,,,,,,,,,,,,,,,,,,,,,,,,,,,,,,,,
Halfmoon_Creek_After_Confluence ,Halfmoon_Creek ,9,8272021,Grab,208-TVFF21,TVFF21-0108,959.3,0.92136536,1041.172201,NA,0.0007,NA,NA,NA,0.017,NA,NA,NA,0.0013,NA,0.0032,0.0034,0,NA,NA,0.0004,NA,0,NA,NA,NA,0,NA,0,NA,0.066,0,0.0001,0,NA,0.0003,NA,0.0015,NA,NA,NA,NA,0.0003,NA,NA,NA,NA,NA,0.0011,NA,NA,NA,0.0013,NA,NA,1.9,0.02,2.83,TVFF21-108,0.049,0.01,0.063,,,,,,,,,,,,,,,,,,,,,,,,,,,,,,,,,,,,,,,,,,,,,,,,,,,,,,,,,,,,,,,,,,,,,,,,,,,,,,,,,,,,,,,,,,,
Field Blank_8272021,All ,10,8272021,Grab,209-TVFF21,Field Blank_8272021,961.4,0.901390645,1066.574193,NA,0.0003,NA,NA,NA,0.0428,NA,NA,NA,0.0046,0,0.0001,0,0,NA,0,0.0013,NA,0,NA,NA,NA,NA,NA,0,NA,0.0096,NA,0,NA,0,NA,NA,NA,NA,NA,NA,NA,0.0001,NA,NA,NA,NA,NA,0.0023,NA,NA,NA,NA,NA,NA,NA,NA,NA,NA,NA,NA,NA,,,,,,,,,,,,,,,,,,,,,,,,,,,,,,,,,,,,,,,,,,,,,,,,,,,,,,,,,,,,,,,,,,,,,,,,,,,,,,,,,,,,,,,,,,,
Ag_Progress_Days ,Spruce_Creek,1,9092021,Grab,210-TVFF21,TVFF21-0109,976.4,0.97863464,997.7165738,NA,0.0004,NA,NA,NA,0.0039,NA,NA,NA,0.0011,NA,0.0022,NA,0.0004,NA,NA,0.0004,NA,0,NA,NA,NA,NA,NA,0,NA,0.0213,NA,0,NA,NA,NA,NA,0.0005,NA,NA,NA,NA,0.0003,NA,NA,NA,NA,NA,0.0011,NA,NA,NA,NA,NA,NA,1.41,0.02,2.09,TVFF21-109,0.017,0.01,0.015,,,,,,,,,,,,,,,,,,,,,,,,,,,,,,,,,,,,,,,,,,,,,,,,,,,,,,,,,,,,,,,,,,,,,,,,,,,,,,,,,,,,,,,,,,,
Upper_Spruce_Creek_Church ,Spruce_Creek,2,9092021,Grab,211-TVFF21,TVFF21-0110,962.2,0.934134008,1030.044931,NA,0.0003,NA,NA,NA,0.0053,NA,NA,NA,0.0009,0,0.0029,0.0008,0.0003,NA,NA,0.0004,NA,0.0004,NA,NA,NA,0,NA,0,NA,0.0452,0,0,NA,NA,NA,NA,NA,NA,NA,NA,NA,0.0002,NA,NA,NA,NA,NA,0.0025,NA,NA,NA,NA,NA,NA,2.58,0.02,3.85,TVFF21-110,0.036,0.01,0.044,,,,,,,,,,,,,,,,,,,,,,,,,,,,,,,,,,,,,,,,,,,,,,,,,,,,,,,,,,,,,,,,,,,,,,,,,,,,,,,,,,,,,,,,,,,
George_W_Harvey,Spruce_Creek,3,9092021,Grab,212-TVFF21,TVFF21-0111,950.5,1.064728192,892.7161008,NA,0.0002,NA,NA,NA,0.0033,0.0001,NA,NA,0.0026,NA,0.0035,0.0005,0.0001,0.2035,0,0.0003,NA,0.0003,0.0004,0.0006,0.2035,0.003,0.0007,0.0006,NA,0.0495,0,0.0002,0.0002,0,0.0002,NA,0.0004,0.0031,NA,0,NA,0,0.0001,0,NA,0,NA,0.002,0,NA,0,0.0003,NA,0.0001,2.75,0.02,4.11,TVFF21-111,0.041,0.01,0.052,,,,,,,,,,,,,,,,,,,,,,,,,,,,,,,,,,,,,,,,,,,,,,,,,,,,,,,,,,,,,,,,,,,,,,,,,,,,,,,,,,,,,,,,,,,
Lower_Warriors_Mark_Run ,Warriors_Mark_Run ,4,9092021,Grab,213-TVFF21,TVFF21-0112,954.4,0.93147914,1024.606949,NA,0.0004,NA,NA,NA,0.0025,NA,NA,NA,0.0014,0,0.0036,0.0003,0.0004,0.2041,NA,0.0003,NA,0.0006,0,NA,0.2041,0.0007,NA,0.0001,NA,0.0367,NA,NA,0,NA,0.0002,NA,0.0022,0.2401,NA,NA,NA,0.0003,0,NA,NA,NA,NA,0.0003,NA,NA,NA,0.0009,NA,NA,2.58,0.02,3.85,TVFF21-112,0.028,0.01,0.033,,,,,,,,,,,,,,,,,,,,,,,,,,,,,,,,,,,,,,,,,,,,,,,,,,,,,,,,,,,,,,,,,,,,,,,,,,,,,,,,,,,,,,,,,,,
Upper_Warriors_Mark_Run ,Warriors_Mark_Run ,5,9092021,Grab,214-TVFF21,TVFF21-0113,963.2,1.182553729,814.5084459,NA,0.0002,NA,NA,NA,0.0017,NA,NA,NA,0.0014,0,0.0029,0.0003,0.0004,NA,NA,0.0002,NA,0.0006,NA,NA,NA,0.0003,NA,0.0001,NA,0.0437,0,0,0,NA,0.0002,NA,0.0007,0.2401,NA,NA,NA,0.0002,0,NA,NA,NA,NA,0.0005,NA,NA,NA,NA,NA,NA,1.96,0.02,2.92,TVFF21-113,0.026,0.01,0.029,,,,,,,,,,,,,,,,,,,,,,,,,,,,,,,,,,,,,,,,,,,,,,,,,,,,,,,,,,,,,,,,,,,,,,,,,,,,,,,,,,,,,,,,,,,
Keith_Nelson,Warriors_Mark_Run ,6,9092021,Grab,215-TVFF21,TVFF21-0114,954.4,0.859797724,1110.028526,NA,0.0001,NA,NA,NA,0.0028,NA,NA,NA,0.001,NA,0.0038,NA,0.0003,0.204,NA,0.0002,NA,0.0004,NA,NA,0.204,NA,NA,NA,NA,0.0941,0,0,NA,NA,0.0001,0.0001,0.0006,0.2401,NA,NA,NA,0.0002,NA,NA,0,NA,NA,0.0007,NA,NA,NA,NA,NA,NA,2.51,0.02,3.75,TVFF21-114,0.053,0.01,0.07,,,,,,,,,,,,,,,,,,,,,,,,,,,,,,,,,,,,,,,,,,,,,,,,,,,,,,,,,,,,,,,,,,,,,,,,,,,,,,,,,,,,,,,,,,,
Halfmoon_Creek_By_Bridge ,Halfmoon_Creek ,7,9092021,Grab,216-TVFF21,TVFF21-0115,982.8,0.909481669,1080.615513,NA,0,NA,NA,NA,0.0043,NA,NA,NA,0.0009,0.0001,0.0029,0.0049,0.0003,NA,NA,0.0003,NA,0,NA,NA,NA,NA,NA,NA,NA,0.0485,NA,NA,0,NA,NA,NA,0.0008,NA,NA,NA,NA,0.0003,0,NA,NA,0.0001,NA,0.0016,NA,NA,NA,0.0012,NA,NA,1.55,0.02,2.29,TVFF21-115,0.051,0.01,0.067,,,,,,,,,,,,,,,,,,,,,,,,,,,,,,,,,,,,,,,,,,,,,,,,,,,,,,,,,,,,,,,,,,,,,,,,,,,,,,,,,,,,,,,,,,,
Loville,Halfmoon_Creek ,8,9092021,Grab,217-TVFF21,TVFF21-0116,953.4,0.978761062,974.0886075,NA,NA,NA,NA,NA,0.0027,NA,NA,NA,0.001,0.0001,0.004,0,0.0004,NA,NA,0.0003,NA,0.0015,NA,NA,NA,0,NA,0,NA,0.0091,NA,0,0,NA,NA,NA,0.0017,NA,NA,NA,NA,0.0003,NA,NA,NA,NA,NA,0.0006,NA,NA,NA,0.0002,NA,NA,2.48,0.02,3.7,TVFF21-116,0.035,0.01,0.043,,,,,,,,,,,,,,,,,,,,,,,,,,,,,,,,,,,,,,,,,,,,,,,,,,,,,,,,,,,,,,,,,,,,,,,,,,,,,,,,,,,,,,,,,,,
Halfmoon_Creek_After_Confluence ,Halfmoon_Creek ,9,9092021,Grab,218-TVFF21,TVFF21-0117,999.7,0.991276865,1008.497258,NA,0.0003,NA,NA,NA,0.0048,NA,NA,NA,0.0008,0,0.0031,0.0036,0.0001,NA,NA,0.0003,NA,0.0004,NA,NA,NA,0,NA,0,NA,0.049,NA,NA,NA,NA,0,NA,0.0004,NA,NA,NA,NA,0.0002,NA,0,NA,0.0001,NA,0.0014,NA,NA,NA,0.0002,NA,NA,1.75,0.02,2.6,TVFF21-117,0.045,0.01,0.058,,,,,,,,,,,,,,,,,,,,,,,,,,,,,,,,,,,,,,,,,,,,,,,,,,,,,,,,,,,,,,,,,,,,,,,,,,,,,,,,,,,,,,,,,,,
Field Blank_9092021,All ,10,9092021,Grab,219-TVFF21,Field Blank_9092021,928.6,0.857269279,1083.206902,NA,NA,NA,NA,NA,0.0111,NA,NA,NA,0.0035,0,0.0002,NA,NA,NA,NA,0.0011,NA,NA,0,NA,NA,0.0001,NA,0,NA,0.0299,0,0,NA,NA,NA,NA,NA,NA,NA,0,NA,0.0001,NA,NA,NA,NA,NA,0.0022,NA,NA,NA,0.0002,NA,NA,NA,NA,NA,NA,NA,NA,NA,,,,,,,,,,,,,,,,,,,,,,,,,,,,,,,,,,,,,,,,,,,,,,,,,,,,,,,,,,,,,,,,,,,,,,,,,,,,,,,,,,,,,,,,,,,
Ag_Progress_Days ,Spruce_Creek,1,9302021,Grab,220-TVFF21,TVFF21-0118,990.4,1.252844501,790.5210896,NA,0.0002,NA,NA,NA,0.0037,0.0002,NA,NA,0.0023,0.0001,0.0015,0,0.0001,NA,NA,0.0003,NA,0.0001,0.0004,0.0012,NA,0.0002,0.0004,0.0009,NA,0.0323,0,0.0001,0.0002,NA,0.0001,NA,NA,0.0033,NA,0,NA,0.0001,0.0005,0,NA,0,NA,0.0011,NA,NA,0,0.0019,NA,0.0001,1.18,0.02,1.75,TVFF21-118,0.018,0.01,0.017,,,,,,,,,,,,,,,,,,,,,,,,,,,,,,,,,,,,,,,,,,,,,,,,,,,,,,,,,,,,,,,,,,,,,,,,,,,,,,,,,,,,,,,,,,,
Upper_Spruce_Creek_Church ,Spruce_Creek,2,9302021,Grab,221-TVFF21,TVFF21-0119,987.4,1.13653603,868.7802005,NA,0.0004,NA,NA,NA,0.0022,NA,NA,NA,0.0017,0,0.0023,0.0007,0.0001,NA,NA,0.0003,NA,0,NA,0.0001,NA,0.001,0.0002,0.0002,NA,NA,NA,0,0,NA,NA,NA,0.0005,0.2401,NA,NA,NA,0.0003,NA,0,NA,0,NA,0.0018,NA,NA,NA,0.0003,NA,NA,2.32,0.02,3.45,TVFF21-119,0.022,0.01,0.023,,,,,,,,,,,,,,,,,,,,,,,,,,,,,,,,,,,,,,,,,,,,,,,,,,,,,,,,,,,,,,,,,,,,,,,,,,,,,,,,,,,,,,,,,,,
George_W_Harvey,Spruce_Creek,3,9302021,Grab,222-TVFF21,TVFF21-0120,972.7,1.016561315,956.8532519,NA,0.0104,NA,NA,NA,0.0043,NA,NA,NA,0.0011,NA,0.0026,0.0005,0.0001,NA,NA,0.0006,NA,0.0002,NA,NA,NA,0.0002,NA,0,NA,NA,0,0,0,NA,0,NA,0.0004,0,NA,NA,NA,0.0003,NA,NA,NA,NA,NA,0.0007,NA,NA,NA,NA,NA,NA,2.76,0.02,4.12,TVFF21-120,0.025,0.01,0.028,,,,,,,,,,,,,,,,,,,,,,,,,,,,,,,,,,,,,,,,,,,,,,,,,,,,,,,,,,,,,,,,,,,,,,,,,,,,,,,,,,,,,,,,,,,
Lower_Warriors_Mark_Run ,Warriors_Mark_Run ,4,9302021,Grab,223-TVFF21,TVFF21-0121,984.6,2.24159292,439.241216,NA,0.0005,NA,NA,NA,0.0019,NA,NA,NA,0.0014,0,0.003,0.0004,0.0004,NA,NA,0.0006,NA,NA,NA,NA,NA,NA,NA,0,NA,NA,0,0,0,NA,0.0003,NA,0.0014,0.2401,NA,NA,NA,0.0003,NA,NA,NA,NA,NA,0.0008,NA,NA,NA,NA,NA,NA,2.87,0.02,4.29,TVFF21-121,0.024,0.01,0.026,,,,,,,,,,,,,,,,,,,,,,,,,,,,,,,,,,,,,,,,,,,,,,,,,,,,,,,,,,,,,,,,,,,,,,,,,,,,,,,,,,,,,,,,,,,
Upper_Warriors_Mark_Run ,Warriors_Mark_Run ,5,9302021,Grab,224-TVFF21,TVFF21-0122,993.3,0.845891277,1174.264385,NA,0.0003,NA,NA,NA,0.0018,NA,NA,NA,0.0012,0,0.003,0.0005,0.0001,NA,NA,0.0005,NA,0.0002,NA,NA,NA,0.0001,NA,0,NA,NA,NA,0,NA,NA,NA,NA,0.0014,NA,NA,0,NA,0.0002,NA,NA,NA,NA,NA,0.0004,NA,NA,NA,NA,NA,NA,2.32,0.02,3.45,TVFF21-122,0.023,0.01,0.025,,,,,,,,,,,,,,,,,,,,,,,,,,,,,,,,,,,,,,,,,,,,,,,,,,,,,,,,,,,,,,,,,,,,,,,,,,,,,,,,,,,,,,,,,,,
Keith_Nelson,Warriors_Mark_Run ,6,9302021,Grab,225-TVFF21,TVFF21-0123,966.2,0.898103666,1075.822354,NA,0.0352,NA,NA,NA,0.0014,NA,NA,NA,0.0014,0,0.0037,NA,0.0003,NA,NA,0.0004,NA,0.0013,NA,NA,NA,NA,NA,0,NA,0.0427,NA,NA,NA,NA,0,NA,0.0004,NA,NA,0,NA,0.0003,NA,NA,NA,NA,NA,0.0004,NA,NA,NA,NA,NA,NA,2.34,0.02,3.48,TVFF21-123,0.032,0.01,0.038,,,,,,,,,,,,,,,,,,,,,,,,,,,,,,,,,,,,,,,,,,,,,,,,,,,,,,,,,,,,,,,,,,,,,,,,,,,,,,,,,,,,,,,,,,,
Halfmoon_Creek_By_Bridge ,Halfmoon_Creek ,7,9302021,Grab,226-TVFF21,TVFF21-0124,984.7,1.064728192,924.8369747,NA,0,NA,NA,NA,0.0027,NA,NA,NA,0.001,NA,0.0017,0.0026,0,NA,NA,0.0003,NA,0,NA,NA,NA,NA,NA,0,NA,0.0065,NA,0,0,NA,0,NA,0.0004,NA,NA,NA,NA,0.0002,NA,NA,NA,0,NA,0.0008,NA,NA,NA,0.0001,NA,NA,1.48,0.02,2.19,TVFF21-124,0.035,0.01,0.043,,,,,,,,,,,,,,,,,,,,,,,,,,,,,,,,,,,,,,,,,,,,,,,,,,,,,,,,,,,,,,,,,,,,,,,,,,,,,,,,,,,,,,,,,,,
Loville,Halfmoon_Creek ,8,9302021,Grab,227-TVFF21,TVFF21-0125,997.2,1.027054362,970.9320528,NA,0.0002,NA,NA,NA,0.0022,NA,NA,NA,0.001,0.0001,0.0036,NA,0.0003,NA,NA,0.0003,NA,0.0004,NA,NA,NA,NA,NA,0,NA,0.0894,NA,0,NA,NA,NA,NA,0.0006,NA,NA,NA,NA,0.0003,NA,NA,NA,NA,NA,0.0007,NA,NA,NA,NA,NA,NA,2.72,0.02,4.06,TVFF21-125,0.059,0.01,0.078,,,,,,,,,,,,,,,,,,,,,,,,,,,,,,,,,,,,,,,,,,,,,,,,,,,,,,,,,,,,,,,,,,,,,,,,,,,,,,,,,,,,,,,,,,,
Halfmoon_Creek_After_Confluence ,Halfmoon_Creek ,9,9302021,Grab,228-TVFF21,TVFF21-0126,988,0.403286979,2449.868336,NA,0.0038,NA,NA,NA,0.0036,NA,NA,NA,0.0011,NA,0.0024,0.0022,0.0002,NA,NA,0.0003,NA,0.0003,NA,NA,NA,NA,NA,NA,NA,NA,NA,0,0,NA,NA,NA,0.0002,NA,NA,NA,0.0003,0,NA,NA,NA,0,NA,0.0007,NA,NA,NA,NA,NA,NA,1.84,0.02,2.74,TVFF21-126,0.036,0.01,0.044,,,,,,,,,,,,,,,,,,,,,,,,,,,,,,,,,,,,,,,,,,,,,,,,,,,,,,,,,,,,,,,,,,,,,,,,,,,,,,,,,,,,,,,,,,,
Feild_Blank,All ,10,9302021,Grab,229-TVFF21,,944,1.267635904,744.693328,NA,0.0001,NA,NA,NA,0.0088,NA,NA,NA,0.0026,0,0,NA,0,NA,NA,0.0009,NA,0.0177,NA,NA,NA,0,NA,0,NA,0.0228,NA,0,NA,NA,NA,NA,NA,0,NA,NA,NA,0.0001,NA,NA,NA,NA,NA,0.0019,NA,NA,NA,NA,NA,NA,NA,NA,NA,NA,NA,NA,NA,,,,,,,,,,,,,,,,,,,,,,,,,,,,,,,,,,,,,,,,,,,,,,,,,,,,,,,,,,,,,,,,,,,,,,,,,,,,,,,,,,,,,,,,,,,
